Periodo;Data;Altura_m
1;2000-10-01;7.59
2;2000-10-02;7.60
3;2000-10-03;7.82
4;2000-10-04;8.17
5;2000-10-05;8.16
6;2000-10-06;8.16
7;2000-10-07;8.21
8;2000-10-08;8.21
9;2000-10-09;8.19
10;2000-10-10;8.17
11;2000-10-11;8.16
12;2000-10-12;8.14
13;2000-10-13;8.13
14;2000-10-14;8.11
15;2000-10-15;8.08
16;2000-10-16;8.06
17;2000-10-17;8.04
18;2000-10-18;8.02
19;2000-10-19;8.00
20;2000-10-20;7.99
21;2000-10-21;7.97
22;2000-10-22;7.95
23;2000-10-23;7.93
24;2000-10-24;7.91
25;2000-10-25;7.89
26;2000-10-26;7.87
27;2000-10-27;7.85
28;2000-10-28;7.84
29;2000-10-29;7.81
30;2000-10-30;7.80
31;2000-10-31;7.78
32;2000-11-01;7.77
33;2000-11-02;7.75
34;2000-11-03;7.73
35;2000-11-04;7.72
36;2000-11-05;7.70
37;2000-11-06;7.68
38;2000-11-07;7.67
39;2000-11-08;7.66
40;2000-11-09;7.65
41;2000-11-10;7.65
42;2000-11-11;7.64
43;2000-11-12;7.63
44;2000-11-13;7.62
45;2000-11-14;7.61
46;2000-11-15;7.60
47;2000-11-16;7.59
48;2000-11-17;7.58
49;2000-11-18;7.57
50;2000-11-19;7.56
51;2000-11-20;7.56
52;2000-11-21;7.55
53;2000-11-22;7.53
54;2000-11-23;7.52
55;2000-11-24;7.51
56;2000-11-25;7.51
57;2000-11-26;7.51
58;2000-11-27;7.50
59;2000-11-28;7.49
60;2000-11-29;7.48
61;2000-11-30;7.47
62;2000-12-01;7.46
63;2000-12-02;7.45
64;2000-12-03;7.44
65;2000-12-04;7.44
66;2000-12-05;7.43
67;2000-12-06;7.41
68;2000-12-07;7.41
69;2000-12-08;7.41
70;2000-12-09;7.40
71;2000-12-10;7.42
72;2000-12-11;7.47
73;2000-12-12;7.47
74;2000-12-13;7.46
75;2000-12-14;7.46
76;2000-12-15;7.45
77;2000-12-16;7.45
78;2000-12-17;7.44
79;2000-12-18;7.43
80;2000-12-19;7.43
81;2000-12-20;7.41
82;2000-12-21;7.40
83;2000-12-22;7.39
84;2000-12-23;7.39
85;2000-12-24;7.39
86;2000-12-25;7.38
87;2000-12-26;7.37
88;2000-12-27;7.36
89;2000-12-28;7.36
90;2000-12-29;7.35
91;2000-12-30;7.35
92;2000-12-31;7.33
93;2001-01-01;7.32
94;2001-01-02;7.31
95;2001-01-03;7.30
96;2001-01-04;7.30
97;2001-01-05;7.29
98;2001-01-06;7.29
99;2001-01-07;7.28
100;2001-01-08;7.27
101;2001-01-09;7.26
102;2001-01-10;7.25
103;2001-01-11;7.24
104;2001-01-12;7.24
105;2001-01-13;7.22
106;2001-01-14;7.22
107;2001-01-15;7.21
108;2001-01-16;7.21
109;2001-01-17;7.20
110;2001-01-18;7.19
111;2001-01-19;7.19
112;2001-01-20;7.20
113;2001-01-21;7.21
114;2001-01-22;7.21
115;2001-01-23;7.21
116;2001-01-24;7.20
117;2001-01-25;7.19
118;2001-01-26;7.18
119;2001-01-27;7.18
120;2001-01-28;7.17
121;2001-01-29;7.16
122;2001-01-30;7.15
123;2001-01-31;7.14
124;2001-02-01;7.13
125;2001-02-02;7.12
126;2001-02-03;7.11
127;2001-02-04;7.10
128;2001-02-05;7.10
129;2001-02-06;7.07
130;2001-02-07;7.06
131;2001-02-08;7.04
132;2001-02-09;7.03
133;2001-02-10;7.02
134;2001-02-11;7.01
135;2001-02-12;6.99
136;2001-02-13;6.97
137;2001-02-14;6.94
138;2001-02-15;6.92
139;2001-02-16;6.90
140;2001-02-17;6.87
141;2001-02-18;6.83
142;2001-02-19;6.79
143;2001-02-20;6.75
144;2001-02-21;6.71
145;2001-02-22;6.66
146;2001-02-23;6.62
147;2001-02-24;6.58
148;2001-02-25;6.54
149;2001-02-26;6.51
150;2001-02-27;6.48
151;2001-02-28;6.45
152;2001-03-01;6.42
153;2001-03-02;6.38
154;2001-03-03;6.35
155;2001-03-04;6.34
156;2001-03-05;6.42
157;2001-03-06;6.38
158;2001-03-07;6.34
159;2001-03-08;6.31
160;2001-03-09;6.29
161;2001-03-10;6.28
162;2001-03-11;6.26
163;2001-03-12;6.24
164;2001-03-13;6.22
165;2001-03-14;6.19
166;2001-03-15;6.17
167;2001-03-16;6.14
168;2001-03-17;6.12
169;2001-03-18;6.19
170;2001-03-19;6.29
171;2001-03-20;6.40
172;2001-03-21;6.36
173;2001-03-22;6.32
174;2001-03-23;6.28
175;2001-03-24;6.26
176;2001-03-25;6.23
177;2001-03-26;6.20
178;2001-03-27;6.17
179;2001-03-28;6.15
180;2001-03-29;6.13
181;2001-03-30;6.22
182;2001-03-31;6.22
183;2001-04-01;6.27
184;2001-04-02;6.26
185;2001-04-03;6.22
186;2001-04-04;6.18
187;2001-04-05;6.16
188;2001-04-06;6.14
189;2001-04-07;6.21
190;2001-04-08;6.18
191;2001-04-09;6.14
192;2001-04-10;6.10
193;2001-04-11;6.07
194;2001-04-12;6.04
195;2001-04-13;6.02
196;2001-04-14;5.99
197;2001-04-15;5.97
198;2001-04-16;5.94
199;2001-04-17;5.91
200;2001-04-18;5.87
201;2001-04-19;5.83
202;2001-04-20;5.81
203;2001-04-21;5.78
204;2001-04-22;5.75
205;2001-04-23;5.73
206;2001-04-24;5.71
207;2001-04-25;5.67
208;2001-04-26;5.64
209;2001-04-27;5.62
210;2001-04-28;5.60
211;2001-04-29;5.58
212;2001-04-30;5.58
213;2001-05-01;5.59
214;2001-05-02;5.61
215;2001-05-03;5.65
216;2001-05-04;5.88
217;2001-05-05;5.88
218;2001-05-06;5.83
219;2001-05-07;5.78
220;2001-05-08;5.74
221;2001-05-09;5.70
222;2001-05-10;5.67
223;2001-05-11;5.63
224;2001-05-12;5.59
225;2001-05-13;5.56
226;2001-05-14;5.52
227;2001-05-15;5.49
228;2001-05-16;5.46
229;2001-05-17;5.43
230;2001-05-18;5.39
231;2001-05-19;5.35
232;2001-05-20;5.31
233;2001-05-21;5.27
234;2001-05-22;5.23
235;2001-05-23;5.37
236;2001-05-24;5.71
237;2001-05-25;5.72
238;2001-05-26;5.70
239;2001-05-27;5.70
240;2001-05-28;5.73
241;2001-05-29;5.74
242;2001-05-30;5.73
243;2001-05-31;5.72
244;2001-06-01;5.76
245;2001-06-02;5.94
246;2001-06-03;6.00
247;2001-06-04;6.03
248;2001-06-05;6.05
249;2001-06-06;6.05
250;2001-06-07;6.01
251;2001-06-08;6.04
252;2001-06-09;6.18
253;2001-06-10;6.21
254;2001-06-11;6.17
255;2001-06-12;6.13
256;2001-06-13;6.10
257;2001-06-14;6.13
258;2001-06-15;6.16
259;2001-06-16;6.25
260;2001-06-17;6.41
261;2001-06-18;6.39
262;2001-06-19;6.38
263;2001-06-20;6.34
264;2001-06-21;6.34
265;2001-06-22;6.42
266;2001-06-23;6.49
267;2001-06-24;6.58
268;2001-06-25;6.66
269;2001-06-26;6.77
270;2001-06-27;6.78
271;2001-06-28;6.84
272;2001-06-29;6.84
273;2001-06-30;6.82
274;2001-07-01;6.81
275;2001-07-02;6.79
276;2001-07-03;6.77
277;2001-07-04;6.75
278;2001-07-05;6.79
279;2001-07-06;6.79
280;2001-07-07;6.85
281;2001-07-08;6.96
282;2001-07-09;7.00
283;2001-07-10;7.00
284;2001-07-11;6.99
285;2001-07-12;6.99
286;2001-07-13;6.97
287;2001-07-14;6.96
288;2001-07-15;7.01
289;2001-07-16;7.02
290;2001-07-17;7.05
291;2001-07-18;7.11
292;2001-07-19;7.13
293;2001-07-20;7.12
294;2001-07-21;7.17
295;2001-07-22;7.22
296;2001-07-23;7.21
297;2001-07-24;7.20
298;2001-07-25;7.19
299;2001-07-26;7.17
300;2001-07-27;7.15
301;2001-07-28;7.13
302;2001-07-29;7.11
303;2001-07-30;7.10
304;2001-07-31;7.08
305;2001-08-01;7.13
306;2001-08-02;7.24
307;2001-08-03;7.33
308;2001-08-04;7.39
309;2001-08-05;7.42
310;2001-08-06;7.44
311;2001-08-07;7.43
312;2001-08-08;7.42
313;2001-08-09;7.42
314;2001-08-10;7.41
315;2001-08-11;7.47
316;2001-08-12;7.52
317;2001-08-13;7.50
318;2001-08-14;7.49
319;2001-08-15;7.50
320;2001-08-16;7.49
321;2001-08-17;7.49
322;2001-08-18;7.48
323;2001-08-19;7.48
324;2001-08-20;7.47
325;2001-08-21;7.48
326;2001-08-22;7.49
327;2001-08-23;7.51
328;2001-08-24;7.51
329;2001-08-25;7.51
330;2001-08-26;7.51
331;2001-08-27;7.50
332;2001-08-28;7.49
333;2001-08-29;7.49
334;2001-08-30;7.49
335;2001-08-31;7.49
336;2001-09-01;7.49
337;2001-09-02;7.48
338;2001-09-03;7.47
339;2001-09-04;7.47
340;2001-09-05;7.47
341;2001-09-06;7.47
342;2001-09-07;7.45
343;2001-09-08;7.47
344;2001-09-09;7.51
345;2001-09-10;7.55
346;2001-09-11;7.60
347;2001-09-12;7.63
348;2001-09-13;7.74
349;2001-09-14;7.87
350;2001-09-15;7.93
351;2001-09-16;7.93
352;2001-09-17;7.93
353;2001-09-18;7.93
354;2001-09-19;7.96
355;2001-09-20;7.95
356;2001-09-21;7.94
357;2001-09-22;7.92
358;2001-09-23;7.91
359;2001-09-24;7.92
360;2001-09-25;7.92
361;2001-09-26;7.92
362;2001-09-27;7.97
363;2001-09-28;8.06
364;2001-09-29;8.39
365;2001-09-30;8.47
366;2001-10-01;8.46
367;2001-10-02;8.45
368;2001-10-03;8.43
369;2001-10-04;8.41
370;2001-10-05;8.42
371;2001-10-06;8.42
372;2001-10-07;8.40
373;2001-10-08;8.38
374;2001-10-09;8.38
375;2001-10-10;8.38
376;2001-10-11;8.36
377;2001-10-12;8.34
378;2001-10-13;8.32
379;2001-10-14;8.33
380;2001-10-15;8.35
381;2001-10-16;8.34
382;2001-10-17;8.33
383;2001-10-18;8.32
384;2001-10-19;8.37
385;2001-10-20;8.42
386;2001-10-21;8.53
387;2001-10-22;8.72
388;2001-10-23;8.73
389;2001-10-24;8.74
390;2001-10-25;8.76
391;2001-10-26;8.76
392;2001-10-27;8.74
393;2001-10-28;8.71
394;2001-10-29;8.68
395;2001-10-30;8.66
396;2001-10-31;8.65
397;2001-11-01;8.62
398;2001-11-02;8.60
399;2001-11-03;8.58
400;2001-11-04;8.56
401;2001-11-05;8.60
402;2001-11-06;8.60
403;2001-11-07;8.57
404;2001-11-08;8.55
405;2001-11-09;8.53
406;2001-11-10;8.50
407;2001-11-11;8.48
408;2001-11-12;8.46
409;2001-11-13;8.44
410;2001-11-14;8.42
411;2001-11-15;8.40
412;2001-11-16;8.37
413;2001-11-17;8.35
414;2001-11-18;8.33
415;2001-11-19;8.31
416;2001-11-20;8.29
417;2001-11-21;8.27
418;2001-11-22;8.25
419;2001-11-23;8.23
420;2001-11-24;8.20
421;2001-11-25;8.18
422;2001-11-26;8.16
423;2001-11-27;8.14
424;2001-11-28;8.11
425;2001-11-29;8.09
426;2001-11-30;8.07
427;2001-12-01;8.05
428;2001-12-02;8.04
429;2001-12-03;8.02
430;2001-12-04;8.00
431;2001-12-05;7.99
432;2001-12-06;7.99
433;2001-12-07;8.01
434;2001-12-08;8.01
435;2001-12-09;8.00
436;2001-12-10;8.00
437;2001-12-11;7.99
438;2001-12-12;7.98
439;2001-12-13;7.96
440;2001-12-14;7.95
441;2001-12-15;7.94
442;2001-12-16;7.92
443;2001-12-17;7.91
444;2001-12-18;7.90
445;2001-12-19;7.89
446;2001-12-20;7.88
447;2001-12-21;7.86
448;2001-12-22;7.85
449;2001-12-23;7.84
450;2001-12-24;7.83
451;2001-12-25;7.81
452;2001-12-26;7.81
453;2001-12-27;7.80
454;2001-12-28;7.78
455;2001-12-29;7.77
456;2001-12-30;7.76
457;2001-12-31;7.75
458;2002-01-01;7.78
459;2002-01-02;7.78
460;2002-01-03;7.79
461;2002-01-04;7.77
462;2002-01-05;7.76
463;2002-01-06;7.74
464;2002-01-07;7.73
465;2002-01-08;7.71
466;2002-01-09;7.70
467;2002-01-10;7.68
468;2002-01-11;7.67
469;2002-01-12;7.66
470;2002-01-13;7.65
471;2002-01-14;7.64
472;2002-01-15;7.63
473;2002-01-16;7.62
474;2002-01-17;7.60
475;2002-01-18;7.59
476;2002-01-19;7.57
477;2002-01-20;7.56
478;2002-01-21;7.55
479;2002-01-22;7.53
480;2002-01-23;7.52
481;2002-01-24;7.50
482;2002-01-25;7.49
483;2002-01-26;7.47
484;2002-01-27;7.46
485;2002-01-28;7.45
486;2002-01-29;7.43
487;2002-01-30;7.43
488;2002-01-31;7.41
489;2002-02-01;7.40
490;2002-02-02;7.39
491;2002-02-03;7.37
492;2002-02-04;7.36
493;2002-02-05;7.35
494;2002-02-06;7.33
495;2002-02-07;7.32
496;2002-02-08;7.31
497;2002-02-09;7.31
498;2002-02-10;7.34
499;2002-02-11;7.36
500;2002-02-12;7.35
501;2002-02-13;7.34
502;2002-02-14;7.33
503;2002-02-15;7.33
504;2002-02-16;7.32
505;2002-02-17;7.31
506;2002-02-18;7.30
507;2002-02-19;7.29
508;2002-02-20;7.28
509;2002-02-21;7.28
510;2002-02-22;7.27
511;2002-02-23;7.37
512;2002-02-24;7.38
513;2002-02-25;7.37
514;2002-02-26;7.36
515;2002-02-27;7.36
516;2002-02-28;7.34
517;2002-03-01;7.34
518;2002-03-02;7.34
519;2002-03-03;7.34
520;2002-03-04;7.34
521;2002-03-05;7.33
522;2002-03-06;7.32
523;2002-03-07;7.34
524;2002-03-08;7.36
525;2002-03-09;7.37
526;2002-03-10;7.37
527;2002-03-11;7.37
528;2002-03-12;7.37
529;2002-03-13;7.36
530;2002-03-14;7.36
531;2002-03-15;7.35
532;2002-03-16;7.35
533;2002-03-17;7.34
534;2002-03-18;7.33
535;2002-03-19;7.33
536;2002-03-20;7.32
537;2002-03-21;7.31
538;2002-03-22;7.30
539;2002-03-23;7.29
540;2002-03-24;7.28
541;2002-03-25;7.27
542;2002-03-26;7.27
543;2002-03-27;7.31
544;2002-03-28;7.32
545;2002-03-29;7.31
546;2002-03-30;7.30
547;2002-03-31;7.29
548;2002-04-01;7.26
549;2002-04-02;7.28
550;2002-04-03;7.31
551;2002-04-04;7.30
552;2002-04-05;7.29
553;2002-04-06;7.27
554;2002-04-07;7.25
555;2002-04-08;7.24
556;2002-04-09;7.23
557;2002-04-10;7.22
558;2002-04-11;7.20
559;2002-04-12;7.19
560;2002-04-13;7.18
561;2002-04-14;7.17
562;2002-04-15;7.16
563;2002-04-16;7.15
564;2002-04-17;7.13
565;2002-04-18;7.11
566;2002-04-19;7.10
567;2002-04-20;7.08
568;2002-04-21;7.07
569;2002-04-22;7.05
570;2002-04-23;7.04
571;2002-04-24;7.03
572;2002-04-25;7.01
573;2002-04-26;6.99
574;2002-04-27;6.97
575;2002-04-28;6.95
576;2002-04-29;6.93
577;2002-04-30;6.91
578;2002-05-01;6.89
579;2002-05-02;6.87
580;2002-05-03;6.84
581;2002-05-04;6.82
582;2002-05-05;6.79
583;2002-05-06;6.76
584;2002-05-07;6.73
585;2002-05-08;6.69
586;2002-05-09;6.66
587;2002-05-10;6.62
588;2002-05-11;6.57
589;2002-05-12;6.52
590;2002-05-13;6.48
591;2002-05-14;6.44
592;2002-05-15;6.43
593;2002-05-16;6.47
594;2002-05-17;6.45
595;2002-05-18;6.42
596;2002-05-19;6.52
597;2002-05-20;6.83
598;2002-05-21;6.83
599;2002-05-22;6.87
600;2002-05-23;6.93
601;2002-05-24;6.91
602;2002-05-25;6.89
603;2002-05-26;6.88
604;2002-05-27;6.85
605;2002-05-28;6.86
606;2002-05-29;6.85
607;2002-05-30;6.86
608;2002-05-31;6.91
609;2002-06-01;6.91
610;2002-06-02;6.92
611;2002-06-03;6.92
612;2002-06-04;6.92
613;2002-06-05;6.91
614;2002-06-06;6.92
615;2002-06-07;6.97
616;2002-06-08;7.09
617;2002-06-09;7.08
618;2002-06-10;7.07
619;2002-06-11;7.08
620;2002-06-12;7.10
621;2002-06-13;7.12
622;2002-06-14;7.16
623;2002-06-15;7.29
624;2002-06-16;7.39
625;2002-06-17;7.38
626;2002-06-18;7.36
627;2002-06-19;7.34
628;2002-06-20;7.35
629;2002-06-21;7.45
630;2002-06-22;7.47
631;2002-06-23;7.48
632;2002-06-24;7.53
633;2002-06-25;7.58
634;2002-06-26;7.60
635;2002-06-27;7.59
636;2002-06-28;7.63
637;2002-06-29;7.67
638;2002-06-30;7.65
639;2002-07-01;7.67
640;2002-07-02;7.71
641;2002-07-03;7.72
642;2002-07-04;7.77
643;2002-07-05;7.82
644;2002-07-06;7.79
645;2002-07-07;7.78
646;2002-07-08;7.89
647;2002-07-09;7.96
648;2002-07-10;7.99
649;2002-07-11;8.02
650;2002-07-12;8.03
651;2002-07-13;8.09
652;2002-07-14;8.08
653;2002-07-15;8.06
654;2002-07-16;8.05
655;2002-07-17;8.03
656;2002-07-18;8.06
657;2002-07-19;8.08
658;2002-07-20;8.07
659;2002-07-21;8.04
660;2002-07-22;8.03
661;2002-07-23;8.02
662;2002-07-24;8.01
663;2002-07-25;7.99
664;2002-07-26;7.98
665;2002-07-27;7.97
666;2002-07-28;7.95
667;2002-07-29;7.92
668;2002-07-30;7.90
669;2002-07-31;7.89
670;2002-08-01;7.87
671;2002-08-02;7.86
672;2002-08-03;7.87
673;2002-08-04;7.94
674;2002-08-05;7.93
675;2002-08-06;7.91
676;2002-08-07;7.90
677;2002-08-08;7.91
678;2002-08-09;7.90
679;2002-08-10;7.89
680;2002-08-11;7.88
681;2002-08-12;7.88
682;2002-08-13;7.88
683;2002-08-14;7.87
684;2002-08-15;7.87
685;2002-08-16;7.87
686;2002-08-17;7.86
687;2002-08-18;7.86
688;2002-08-19;7.85
689;2002-08-20;7.84
690;2002-08-21;7.85
691;2002-08-22;7.84
692;2002-08-23;7.84
693;2002-08-24;7.85
694;2002-08-25;7.84
695;2002-08-26;7.83
696;2002-08-27;7.87
697;2002-08-28;7.91
698;2002-08-29;7.92
699;2002-08-30;7.97
700;2002-08-31;8.01
701;2002-09-01;8.06
702;2002-09-02;8.09
703;2002-09-03;8.11
704;2002-09-04;8.15
705;2002-09-05;8.16
706;2002-09-06;8.19
707;2002-09-07;8.18
708;2002-09-08;8.18
709;2002-09-09;8.17
710;2002-09-10;8.17
711;2002-09-11;8.24
712;2002-09-12;8.32
713;2002-09-13;8.31
714;2002-09-14;8.31
715;2002-09-15;8.30
716;2002-09-16;8.29
717;2002-09-17;8.27
718;2002-09-18;8.26
719;2002-09-19;8.26
720;2002-09-20;8.25
721;2002-09-21;8.23
722;2002-09-22;8.21
723;2002-09-23;8.19
724;2002-09-24;8.19
725;2002-09-25;8.21
726;2002-09-26;8.18
727;2002-09-27;8.16
728;2002-09-28;8.17
729;2002-09-29;8.18
730;2002-09-30;8.16
731;2002-10-01;8.17
732;2002-10-02;8.14
733;2002-10-03;8.12
734;2002-10-04;8.10
735;2002-10-05;8.09
736;2002-10-06;8.08
737;2002-10-07;8.06
738;2002-10-08;8.03
739;2002-10-09;8.02
740;2002-10-10;7.99
741;2002-10-11;7.99
742;2002-10-12;8.02
743;2002-10-13;8.00
744;2002-10-14;7.98
745;2002-10-15;7.97
746;2002-10-16;8.06
747;2002-10-17;8.07
748;2002-10-18;8.05
749;2002-10-19;8.03
750;2002-10-20;8.01
751;2002-10-21;8.01
752;2002-10-22;8.00
753;2002-10-23;7.98
754;2002-10-24;7.97
755;2002-10-25;7.95
756;2002-10-26;7.95
757;2002-10-27;7.94
758;2002-10-28;7.92
759;2002-10-29;7.90
760;2002-10-30;7.88
761;2002-10-31;7.87
762;2002-11-01;7.91
763;2002-11-02;7.91
764;2002-11-03;7.90
765;2002-11-04;7.88
766;2002-11-05;7.86
767;2002-11-06;7.85
768;2002-11-07;7.83
769;2002-11-08;7.81
770;2002-11-09;7.78
771;2002-11-10;7.77
772;2002-11-11;7.75
773;2002-11-12;7.73
774;2002-11-13;7.72
775;2002-11-14;7.72
776;2002-11-15;7.69
777;2002-11-16;7.72
778;2002-11-17;7.92
779;2002-11-18;7.93
780;2002-11-19;7.91
781;2002-11-20;7.89
782;2002-11-21;7.88
783;2002-11-22;7.88
784;2002-11-23;7.84
785;2002-11-24;7.84
786;2002-11-25;7.82
787;2002-11-26;7.81
788;2002-11-27;7.79
789;2002-11-28;7.79
790;2002-11-29;7.73
791;2002-11-30;7.73
792;2002-12-01;7.71
793;2002-12-02;7.70
794;2002-12-03;7.68
795;2002-12-04;7.67
796;2002-12-05;7.66
797;2002-12-06;7.66
798;2002-12-07;7.64
799;2002-12-08;7.62
800;2002-12-09;7.66
801;2002-12-10;7.82
802;2002-12-11;7.82
803;2002-12-12;7.82
804;2002-12-13;7.82
805;2002-12-14;7.81
806;2002-12-15;7.79
807;2002-12-16;7.78
808;2002-12-17;7.76
809;2002-12-18;7.74
810;2002-12-19;7.74
811;2002-12-20;7.73
812;2002-12-21;7.71
813;2002-12-22;7.69
814;2002-12-23;7.68
815;2002-12-24;7.67
816;2002-12-25;7.69
817;2002-12-26;7.68
818;2002-12-27;7.67
819;2002-12-28;7.66
820;2002-12-29;7.64
821;2002-12-30;7.64
822;2002-12-31;7.63
823;2003-01-01;7.63
824;2003-01-02;7.63
825;2003-01-03;7.65
826;2003-01-04;7.64
827;2003-01-05;7.63
828;2003-01-06;7.62
829;2003-01-07;7.61
830;2003-01-08;7.60
831;2003-01-09;7.59
832;2003-01-10;7.58
833;2003-01-11;7.57
834;2003-01-12;7.56
835;2003-01-13;7.55
836;2003-01-14;7.56
837;2003-01-15;7.55
838;2003-01-16;7.54
839;2003-01-17;7.54
840;2003-01-18;7.53
841;2003-01-19;7.52
842;2003-01-20;7.51
843;2003-01-21;7.50
844;2003-01-22;7.50
845;2003-01-23;7.49
846;2003-01-24;7.47
847;2003-01-25;7.47
848;2003-01-26;7.46
849;2003-01-27;7.45
850;2003-01-28;7.44
851;2003-01-29;7.43
852;2003-01-30;7.43
853;2003-01-31;7.42
854;2003-02-01;7.42
855;2003-02-02;7.42
856;2003-02-03;7.41
857;2003-02-04;7.40
858;2003-02-05;7.40
859;2003-02-06;7.39
860;2003-02-07;7.39
861;2003-02-08;7.38
862;2003-02-09;7.37
863;2003-02-10;7.36
864;2003-02-11;7.35
865;2003-02-12;7.34
866;2003-02-13;7.33
867;2003-02-14;7.32
868;2003-02-15;7.32
869;2003-02-16;7.31
870;2003-02-17;7.31
871;2003-02-18;7.30
872;2003-02-19;7.29
873;2003-02-20;7.31
874;2003-02-21;7.31
875;2003-02-22;7.30
876;2003-02-23;7.31
877;2003-02-24;7.31
878;2003-02-25;7.31
879;2003-02-26;7.33
880;2003-02-27;7.32
881;2003-02-28;7.32
882;2003-03-01;7.31
883;2003-03-02;7.31
884;2003-03-03;7.30
885;2003-03-04;7.30
886;2003-03-05;7.29
887;2003-03-06;7.28
888;2003-03-07;7.28
889;2003-03-08;7.26
890;2003-03-09;7.26
891;2003-03-10;7.25
892;2003-03-11;7.25
893;2003-03-12;7.24
894;2003-03-13;7.24
895;2003-03-14;7.23
896;2003-03-15;7.22
897;2003-03-16;7.22
898;2003-03-17;7.27
899;2003-03-18;7.28
900;2003-03-19;7.28
901;2003-03-20;7.28
902;2003-03-21;7.27
903;2003-03-22;7.26
904;2003-03-23;7.25
905;2003-03-24;7.24
906;2003-03-25;7.23
907;2003-03-26;7.22
908;2003-03-27;7.24
909;2003-03-28;7.30
910;2003-03-29;7.30
911;2003-03-30;7.27
912;2003-03-31;7.27
913;2003-04-01;7.27
914;2003-04-02;7.27
915;2003-04-03;7.25
916;2003-04-04;7.24
917;2003-04-05;7.24
918;2003-04-06;7.24
919;2003-04-07;7.24
920;2003-04-08;7.23
921;2003-04-09;7.21
922;2003-04-10;7.21
923;2003-04-11;7.19
924;2003-04-12;7.18
925;2003-04-13;7.17
926;2003-04-14;7.16
927;2003-04-15;7.16
928;2003-04-16;7.15
929;2003-04-17;7.14
930;2003-04-18;7.14
931;2003-04-19;7.25
932;2003-04-20;7.24
933;2003-04-21;7.23
934;2003-04-22;7.22
935;2003-04-23;7.20
936;2003-04-24;7.18
937;2003-04-25;7.17
938;2003-04-26;7.21
939;2003-04-27;7.25
940;2003-04-28;7.30
941;2003-04-29;7.41
942;2003-04-30;7.43
943;2003-05-01;7.48
944;2003-05-02;7.48
945;2003-05-03;7.46
946;2003-05-04;7.44
947;2003-05-05;7.42
948;2003-05-06;7.40
949;2003-05-07;7.37
950;2003-05-08;7.37
951;2003-05-09;7.36
952;2003-05-10;7.35
953;2003-05-11;7.35
954;2003-05-12;7.35
955;2003-05-13;7.35
956;2003-05-14;7.35
957;2003-05-15;7.35
958;2003-05-16;7.35
959;2003-05-17;7.35
960;2003-05-18;7.35
961;2003-05-19;7.35
962;2003-05-20;7.35
963;2003-05-21;7.35
964;2003-05-22;7.35
965;2003-05-23;7.35
966;2003-05-24;7.35
967;2003-05-25;7.35
968;2003-05-26;7.35
969;2003-05-27;7.35
970;2003-05-28;7.53
971;2003-05-29;7.61
972;2003-05-30;7.65
973;2003-05-31;7.64
974;2003-06-01;7.62
975;2003-06-02;7.60
976;2003-06-03;7.61
977;2003-06-04;7.63
978;2003-06-05;7.68
979;2003-06-06;7.68
980;2003-06-07;7.67
981;2003-06-08;7.71
982;2003-06-09;7.75
983;2003-06-10;7.82
984;2003-06-11;7.92
985;2003-06-12;7.93
986;2003-06-13;7.94
987;2003-06-14;7.92
988;2003-06-15;7.91
989;2003-06-16;7.93
990;2003-06-17;7.92
991;2003-06-18;7.92
992;2003-06-19;7.91
993;2003-06-20;7.92
994;2003-06-21;7.94
995;2003-06-22;8.08
996;2003-06-23;8.23
997;2003-06-24;8.24
998;2003-06-25;8.25
999;2003-06-26;8.22
1000;2003-06-27;8.21
1001;2003-06-28;8.20
1002;2003-06-29;8.17
1003;2003-06-30;8.14
1004;2003-07-01;8.12
1005;2003-07-02;8.10
1006;2003-07-03;8.09
1007;2003-07-04;8.07
1008;2003-07-05;8.06
1009;2003-07-06;8.04
1010;2003-07-07;8.02
1011;2003-07-08;8.00
1012;2003-07-09;7.98
1013;2003-07-10;7.95
1014;2003-07-11;7.93
1015;2003-07-12;7.90
1016;2003-07-13;7.88
1017;2003-07-14;7.86
1018;2003-07-15;7.86
1019;2003-07-16;7.90
1020;2003-07-17;7.94
1021;2003-07-18;7.90
1022;2003-07-19;7.91
1023;2003-07-20;7.90
1024;2003-07-21;7.91
1025;2003-07-22;7.99
1026;2003-07-23;7.97
1027;2003-07-24;7.94
1028;2003-07-25;7.92
1029;2003-07-26;7.89
1030;2003-07-27;7.87
1031;2003-07-28;7.85
1032;2003-07-29;7.84
1033;2003-07-30;7.84
1034;2003-07-31;7.87
1035;2003-08-01;7.93
1036;2003-08-02;7.98
1037;2003-08-03;8.02
1038;2003-08-04;8.04
1039;2003-08-05;8.05
1040;2003-08-06;8.05
1041;2003-08-07;8.04
1042;2003-08-08;8.03
1043;2003-08-09;8.06
1044;2003-08-10;8.15
1045;2003-08-11;8.16
1046;2003-08-12;8.14
1047;2003-08-13;8.13
1048;2003-08-14;8.14
1049;2003-08-15;8.15
1050;2003-08-16;8.13
1051;2003-08-17;8.14
1052;2003-08-18;8.18
1053;2003-08-19;8.16
1054;2003-08-20;8.18
1055;2003-08-21;8.23
1056;2003-08-22;8.24
1057;2003-08-23;8.22
1058;2003-08-24;8.21
1059;2003-08-25;8.20
1060;2003-08-26;8.22
1061;2003-08-27;8.21
1062;2003-08-28;8.23
1063;2003-08-29;8.25
1064;2003-08-30;8.24
1065;2003-08-31;8.23
1066;2003-09-01;8.25
1067;2003-09-02;8.29
1068;2003-09-03;8.31
1069;2003-09-04;8.32
1070;2003-09-05;8.32
1071;2003-09-06;8.39
1072;2003-09-07;8.41
1073;2003-09-08;8.42
1074;2003-09-09;8.41
1075;2003-09-10;8.40
1076;2003-09-11;8.41
1077;2003-09-12;8.39
1078;2003-09-13;8.41
1079;2003-09-14;8.42
1080;2003-09-15;8.42
1081;2003-09-16;8.40
1082;2003-09-17;8.39
1083;2003-09-18;8.39
1084;2003-09-19;8.40
1085;2003-09-20;8.38
1086;2003-09-21;8.38
1087;2003-09-22;8.36
1088;2003-09-23;8.34
1089;2003-09-24;8.33
1090;2003-09-25;8.33
1091;2003-09-26;8.37
1092;2003-09-27;8.38
1093;2003-09-28;8.39
1094;2003-09-29;8.52
1095;2003-09-30;8.63
1096;2003-10-01;8.62
1097;2003-10-02;8.61
1098;2003-10-03;8.59
1099;2003-10-04;8.57
1100;2003-10-05;8.56
1101;2003-10-06;8.55
1102;2003-10-07;8.54
1103;2003-10-08;8.52
1104;2003-10-09;8.50
1105;2003-10-10;8.49
1106;2003-10-11;8.47
1107;2003-10-12;8.47
1108;2003-10-13;8.46
1109;2003-10-14;8.44
1110;2003-10-15;8.42
1111;2003-10-16;8.40
1112;2003-10-17;8.40
1113;2003-10-18;8.43
1114;2003-10-19;8.40
1115;2003-10-20;8.38
1116;2003-10-21;8.35
1117;2003-10-22;8.33
1118;2003-10-23;8.31
1119;2003-10-24;8.29
1120;2003-10-25;8.28
1121;2003-10-26;8.27
1122;2003-10-27;8.26
1123;2003-10-28;8.24
1124;2003-10-29;8.31
1125;2003-10-30;8.28
1126;2003-10-31;8.28
1127;2003-11-01;8.26
1128;2003-11-02;8.24
1129;2003-11-03;8.24
1130;2003-11-04;8.26
1131;2003-11-05;8.32
1132;2003-11-06;8.35
1133;2003-11-07;8.37
1134;2003-11-08;8.36
1135;2003-11-09;8.36
1136;2003-11-10;8.35
1137;2003-11-11;8.34
1138;2003-11-12;8.32
1139;2003-11-13;8.31
1140;2003-11-14;8.29
1141;2003-11-15;8.27
1142;2003-11-16;8.26
1143;2003-11-17;8.25
1144;2003-11-18;8.24
1145;2003-11-19;8.23
1146;2003-11-20;8.21
1147;2003-11-21;8.19
1148;2003-11-22;8.17
1149;2003-11-23;8.16
1150;2003-11-24;8.14
1151;2003-11-25;8.12
1152;2003-11-26;8.11
1153;2003-11-27;8.09
1154;2003-11-28;8.08
1155;2003-11-29;8.06
1156;2003-11-30;8.04
1157;2003-12-01;8.03
1158;2003-12-02;8.01
1159;2003-12-03;8.00
1160;2003-12-04;7.98
1161;2003-12-05;7.97
1162;2003-12-06;7.96
1163;2003-12-07;7.95
1164;2003-12-08;7.94
1165;2003-12-09;7.92
1166;2003-12-10;7.91
1167;2003-12-11;7.90
1168;2003-12-12;7.89
1169;2003-12-13;7.88
1170;2003-12-14;7.88
1171;2003-12-15;7.91
1172;2003-12-16;7.90
1173;2003-12-17;7.90
1174;2003-12-18;7.88
1175;2003-12-19;7.87
1176;2003-12-20;7.85
1177;2003-12-21;7.83
1178;2003-12-22;7.82
1179;2003-12-23;7.82
1180;2003-12-24;7.80
1181;2003-12-25;7.78
1182;2003-12-26;7.77
1183;2003-12-27;7.75
1184;2003-12-28;7.74
1185;2003-12-29;7.72
1186;2003-12-30;7.71
1187;2003-12-31;7.69
1188;2004-01-01;7.68
1189;2004-01-02;7.67
1190;2004-01-03;7.66
1191;2004-01-04;7.65
1192;2004-01-05;7.64
1193;2004-01-06;7.63
1194;2004-01-07;7.62
1195;2004-01-08;7.60
1196;2004-01-09;7.58
1197;2004-01-10;7.57
1198;2004-01-11;7.55
1199;2004-01-12;7.54
1200;2004-01-13;7.53
1201;2004-01-14;7.52
1202;2004-01-15;7.51
1203;2004-01-16;7.50
1204;2004-01-17;7.49
1205;2004-01-18;7.52
1206;2004-01-19;7.58
1207;2004-01-20;7.56
1208;2004-01-21;7.55
1209;2004-01-22;7.54
1210;2004-01-23;7.53
1211;2004-01-24;7.51
1212;2004-01-25;7.50
1213;2004-01-26;7.49
1214;2004-01-27;7.49
1215;2004-01-28;7.49
1216;2004-01-29;7.47
1217;2004-01-30;7.47
1218;2004-01-31;7.53
1219;2004-02-01;7.73
1220;2004-02-02;7.74
1221;2004-02-03;7.74
1222;2004-02-04;7.72
1223;2004-02-05;7.70
1224;2004-02-06;7.69
1225;2004-02-07;7.68
1226;2004-02-08;7.66
1227;2004-02-09;7.65
1228;2004-02-10;7.64
1229;2004-02-11;7.63
1230;2004-02-12;7.62
1231;2004-02-13;7.61
1232;2004-02-14;7.61
1233;2004-02-15;7.61
1234;2004-02-16;7.61
1235;2004-02-17;7.59
1236;2004-02-18;7.58
1237;2004-02-19;7.57
1238;2004-02-20;7.56
1239;2004-02-21;7.55
1240;2004-02-22;7.54
1241;2004-02-23;7.53
1242;2004-02-24;7.52
1243;2004-02-25;7.56
1244;2004-02-26;7.67
1245;2004-02-27;7.67
1246;2004-02-28;7.65
1247;2004-02-29;7.64
1248;2004-03-01;7.63
1249;2004-03-02;7.62
1250;2004-03-03;7.60
1251;2004-03-04;7.59
1252;2004-03-05;7.58
1253;2004-03-06;7.57
1254;2004-03-07;7.55
1255;2004-03-08;7.54
1256;2004-03-09;7.52
1257;2004-03-10;7.51
1258;2004-03-11;7.49
1259;2004-03-12;7.48
1260;2004-03-13;7.47
1261;2004-03-14;7.46
1262;2004-03-15;7.45
1263;2004-03-16;7.44
1264;2004-03-17;7.43
1265;2004-03-18;7.42
1266;2004-03-19;7.40
1267;2004-03-20;7.39
1268;2004-03-21;7.37
1269;2004-03-22;7.35
1270;2004-03-23;7.34
1271;2004-03-24;7.32
1272;2004-03-25;7.32
1273;2004-03-26;7.35
1274;2004-03-27;7.35
1275;2004-03-28;7.33
1276;2004-03-29;7.31
1277;2004-03-30;7.30
1278;2004-03-31;7.29
1279;2004-04-01;7.27
1280;2004-04-02;7.26
1281;2004-04-03;7.24
1282;2004-04-04;7.22
1283;2004-04-05;7.21
1284;2004-04-06;7.19
1285;2004-04-07;7.18
1286;2004-04-08;7.16
1287;2004-04-09;7.16
1288;2004-04-10;7.15
1289;2004-04-11;7.17
1290;2004-04-12;7.20
1291;2004-04-13;7.29
1292;2004-04-14;7.36
1293;2004-04-15;7.32
1294;2004-04-16;7.30
1295;2004-04-17;7.28
1296;2004-04-18;7.26
1297;2004-04-19;7.25
1298;2004-04-20;7.23
1299;2004-04-21;7.22
1300;2004-04-22;7.20
1301;2004-04-23;7.18
1302;2004-04-24;7.16
1303;2004-04-25;7.14
1304;2004-04-26;7.13
1305;2004-04-27;7.11
1306;2004-04-28;7.12
1307;2004-04-29;7.14
1308;2004-04-30;7.14
1309;2004-05-01;7.17
1310;2004-05-02;7.16
1311;2004-05-03;7.22
1312;2004-05-04;7.41
1313;2004-05-05;7.38
1314;2004-05-06;7.35
1315;2004-05-07;7.32
1316;2004-05-08;7.29
1317;2004-05-09;7.27
1318;2004-05-10;7.25
1319;2004-05-11;7.23
1320;2004-05-12;7.21
1321;2004-05-13;7.19
1322;2004-05-14;7.17
1323;2004-05-15;7.15
1324;2004-05-16;7.14
1325;2004-05-17;7.12
1326;2004-05-18;7.10
1327;2004-05-19;7.08
1328;2004-05-20;7.06
1329;2004-05-21;7.04
1330;2004-05-22;7.02
1331;2004-05-23;7.01
1332;2004-05-24;6.99
1333;2004-05-25;6.97
1334;2004-05-26;6.94
1335;2004-05-27;6.92
1336;2004-05-28;6.89
1337;2004-05-29;6.86
1338;2004-05-30;6.83
1339;2004-05-31;6.80
1340;2004-06-01;6.77
1341;2004-06-02;6.71
1342;2004-06-03;6.66
1343;2004-06-04;6.72
1344;2004-06-05;6.96
1345;2004-06-06;7.00
1346;2004-06-07;7.06
1347;2004-06-08;7.07
1348;2004-06-09;7.06
1349;2004-06-10;7.06
1350;2004-06-11;7.05
1351;2004-06-12;7.04
1352;2004-06-13;7.07
1353;2004-06-14;7.05
1354;2004-06-15;7.04
1355;2004-06-16;7.07
1356;2004-06-17;7.06
1357;2004-06-18;7.07
1358;2004-06-19;7.08
1359;2004-06-20;7.05
1360;2004-06-21;7.06
1361;2004-06-22;7.12
1362;2004-06-23;7.13
1363;2004-06-24;7.07
1364;2004-06-25;7.03
1365;2004-06-26;7.00
1366;2004-06-27;6.95
1367;2004-06-28;6.91
1368;2004-06-29;6.88
1369;2004-06-30;6.85
1370;2004-07-01;6.81
1371;2004-07-02;6.77
1372;2004-07-03;6.74
1373;2004-07-04;6.79
1374;2004-07-05;6.81
1375;2004-07-06;6.82
1376;2004-07-07;6.84
1377;2004-07-08;7.01
1378;2004-07-09;6.99
1379;2004-07-10;6.96
1380;2004-07-11;6.99
1381;2004-07-12;7.05
1382;2004-07-13;7.07
1383;2004-07-14;7.08
1384;2004-07-15;7.04
1385;2004-07-16;7.04
1386;2004-07-17;7.04
1387;2004-07-18;7.02
1388;2004-07-19;7.01
1389;2004-07-20;7.03
1390;2004-07-21;7.03
1391;2004-07-22;7.02
1392;2004-07-23;7.00
1393;2004-07-24;6.98
1394;2004-07-25;6.95
1395;2004-07-26;6.94
1396;2004-07-27;6.95
1397;2004-07-28;7.02
1398;2004-07-29;7.03
1399;2004-07-30;7.03
1400;2004-07-31;7.11
1401;2004-08-01;7.26
1402;2004-08-02;7.34
1403;2004-08-03;7.36
1404;2004-08-04;7.39
1405;2004-08-05;7.39
1406;2004-08-06;7.41
1407;2004-08-07;7.43
1408;2004-08-08;7.46
1409;2004-08-09;7.47
1410;2004-08-10;7.43
1411;2004-08-11;7.40
1412;2004-08-12;7.37
1413;2004-08-13;7.34
1414;2004-08-14;7.34
1415;2004-08-15;7.36
1416;2004-08-16;7.36
1417;2004-08-17;7.37
1418;2004-08-18;7.40
1419;2004-08-19;7.39
1420;2004-08-20;7.38
1421;2004-08-21;7.38
1422;2004-08-22;7.40
1423;2004-08-23;7.39
1424;2004-08-24;7.37
1425;2004-08-25;7.36
1426;2004-08-26;7.36
1427;2004-08-27;7.37
1428;2004-08-28;7.41
1429;2004-08-29;7.40
1430;2004-08-30;7.39
1431;2004-08-31;7.38
1432;2004-09-01;7.37
1433;2004-09-02;7.36
1434;2004-09-03;7.35
1435;2004-09-04;7.35
1436;2004-09-05;7.47
1437;2004-09-06;7.55
1438;2004-09-07;7.57
1439;2004-09-08;7.60
1440;2004-09-09;7.62
1441;2004-09-10;7.61
1442;2004-09-11;7.59
1443;2004-09-12;7.58
1444;2004-09-13;7.56
1445;2004-09-14;7.56
1446;2004-09-15;7.55
1447;2004-09-16;7.55
1448;2004-09-17;7.54
1449;2004-09-18;7.53
1450;2004-09-19;7.52
1451;2004-09-20;7.54
1452;2004-09-21;7.55
1453;2004-09-22;7.60
1454;2004-09-23;7.63
1455;2004-09-24;7.62
1456;2004-09-25;7.62
1457;2004-09-26;7.67
1458;2004-09-27;7.70
1459;2004-09-28;7.70
1460;2004-09-29;7.74
1461;2004-09-30;7.77
1462;2004-10-01;7.78
1463;2004-10-02;7.79
1464;2004-10-03;7.80
1465;2004-10-04;7.81
1466;2004-10-05;7.81
1467;2004-10-06;7.81
1468;2004-10-07;7.83
1469;2004-10-08;7.84
1470;2004-10-09;7.83
1471;2004-10-10;7.83
1472;2004-10-11;7.82
1473;2004-10-12;7.82
1474;2004-10-13;7.82
1475;2004-10-14;7.82
1476;2004-10-15;7.88
1477;2004-10-16;7.89
1478;2004-10-17;7.88
1479;2004-10-18;7.88
1480;2004-10-19;7.88
1481;2004-10-20;7.91
1482;2004-10-21;8.05
1483;2004-10-22;8.06
1484;2004-10-23;8.07
1485;2004-10-24;8.07
1486;2004-10-25;8.07
1487;2004-10-26;8.06
1488;2004-10-27;8.05
1489;2004-10-28;8.05
1490;2004-10-29;8.04
1491;2004-10-30;8.03
1492;2004-10-31;8.03
1493;2004-11-01;8.02
1494;2004-11-02;8.02
1495;2004-11-03;8.01
1496;2004-11-04;8.01
1497;2004-11-05;8.00
1498;2004-11-06;7.99
1499;2004-11-07;7.99
1500;2004-11-08;7.98
1501;2004-11-09;7.97
1502;2004-11-10;7.96
1503;2004-11-11;7.95
1504;2004-11-12;7.95
1505;2004-11-13;7.94
1506;2004-11-14;7.93
1507;2004-11-15;7.92
1508;2004-11-16;7.91
1509;2004-11-17;7.90
1510;2004-11-18;7.89
1511;2004-11-19;7.88
1512;2004-11-20;7.87
1513;2004-11-21;7.86
1514;2004-11-22;7.84
1515;2004-11-23;7.83
1516;2004-11-24;7.82
1517;2004-11-25;7.82
1518;2004-11-26;7.82
1519;2004-11-27;7.81
1520;2004-11-28;7.80
1521;2004-11-29;7.78
1522;2004-11-30;7.77
1523;2004-12-01;7.76
1524;2004-12-02;7.75
1525;2004-12-03;7.74
1526;2004-12-04;7.72
1527;2004-12-05;7.71
1528;2004-12-06;7.71
1529;2004-12-07;7.69
1530;2004-12-08;7.69
1531;2004-12-09;7.68
1532;2004-12-10;7.67
1533;2004-12-11;7.66
1534;2004-12-12;7.65
1535;2004-12-13;7.63
1536;2004-12-14;7.62
1537;2004-12-15;7.60
1538;2004-12-16;7.59
1539;2004-12-17;7.58
1540;2004-12-18;7.57
1541;2004-12-19;7.56
1542;2004-12-20;7.55
1543;2004-12-21;7.53
1544;2004-12-22;7.52
1545;2004-12-23;7.51
1546;2004-12-24;7.51
1547;2004-12-25;7.50
1548;2004-12-26;7.49
1549;2004-12-27;7.47
1550;2004-12-28;7.46
1551;2004-12-29;7.45
1552;2004-12-30;7.44
1553;2004-12-31;7.44
1554;2005-01-01;7.44
1555;2005-01-02;7.43
1556;2005-01-03;7.42
1557;2005-01-04;7.41
1558;2005-01-05;7.40
1559;2005-01-06;7.39
1560;2005-01-07;7.39
1561;2005-01-08;7.37
1562;2005-01-09;7.36
1563;2005-01-10;7.35
1564;2005-01-11;7.34
1565;2005-01-12;7.33
1566;2005-01-13;7.32
1567;2005-01-14;7.33
1568;2005-01-15;7.39
1569;2005-01-16;7.40
1570;2005-01-17;7.39
1571;2005-01-18;7.37
1572;2005-01-19;7.36
1573;2005-01-20;7.34
1574;2005-01-21;7.33
1575;2005-01-22;7.32
1576;2005-01-23;7.31
1577;2005-01-24;7.30
1578;2005-01-25;7.29
1579;2005-01-26;7.28
1580;2005-01-27;7.27
1581;2005-01-28;7.27
1582;2005-01-29;7.27
1583;2005-01-30;7.27
1584;2005-01-31;7.26
1585;2005-02-01;7.26
1586;2005-02-02;7.25
1587;2005-02-03;7.24
1588;2005-02-04;7.24
1589;2005-02-05;7.24
1590;2005-02-06;7.23
1591;2005-02-07;7.22
1592;2005-02-08;7.22
1593;2005-02-09;7.21
1594;2005-02-10;7.20
1595;2005-02-11;7.19
1596;2005-02-12;7.19
1597;2005-02-13;7.18
1598;2005-02-14;7.17
1599;2005-02-15;7.17
1600;2005-02-16;7.16
1601;2005-02-17;7.15
1602;2005-02-18;7.15
1603;2005-02-19;7.14
1604;2005-02-20;7.13
1605;2005-02-21;7.12
1606;2005-02-22;7.11
1607;2005-02-23;7.10
1608;2005-02-24;7.10
1609;2005-02-25;7.09
1610;2005-02-26;7.09
1611;2005-02-27;7.08
1612;2005-02-28;7.08
1613;2005-03-01;7.07
1614;2005-03-02;7.06
1615;2005-03-03;7.05
1616;2005-03-04;7.11
1617;2005-03-05;7.11
1618;2005-03-06;7.10
1619;2005-03-07;7.08
1620;2005-03-08;7.08
1621;2005-03-09;7.10
1622;2005-03-10;7.15
1623;2005-03-11;7.14
1624;2005-03-12;7.13
1625;2005-03-13;7.12
1626;2005-03-14;7.11
1627;2005-03-15;7.11
1628;2005-03-16;7.10
1629;2005-03-17;7.11
1630;2005-03-18;7.20
1631;2005-03-19;7.20
1632;2005-03-20;7.19
1633;2005-03-21;7.18
1634;2005-03-22;7.17
1635;2005-03-23;7.17
1636;2005-03-24;7.16
1637;2005-03-25;7.16
1638;2005-03-26;7.14
1639;2005-03-27;7.14
1640;2005-03-28;7.13
1641;2005-03-29;7.11
1642;2005-03-30;7.10
1643;2005-03-31;7.09
1644;2005-04-01;7.07
1645;2005-04-02;7.07
1646;2005-04-03;7.09
1647;2005-04-04;7.07
1648;2005-04-05;7.06
1649;2005-04-06;7.04
1650;2005-04-07;7.03
1651;2005-04-08;7.18
1652;2005-04-09;7.20
1653;2005-04-10;7.19
1654;2005-04-11;7.18
1655;2005-04-12;7.16
1656;2005-04-13;7.15
1657;2005-04-14;7.14
1658;2005-04-15;7.13
1659;2005-04-16;7.11
1660;2005-04-17;7.09
1661;2005-04-18;7.08
1662;2005-04-19;7.06
1663;2005-04-20;7.05
1664;2005-04-21;7.04
1665;2005-04-22;7.02
1666;2005-04-23;7.00
1667;2005-04-24;6.99
1668;2005-04-25;6.97
1669;2005-04-26;6.95
1670;2005-04-27;6.94
1671;2005-04-28;6.93
1672;2005-04-29;6.91
1673;2005-04-30;6.89
1674;2005-05-01;6.87
1675;2005-05-02;6.85
1676;2005-05-03;6.89
1677;2005-05-04;7.02
1678;2005-05-05;7.10
1679;2005-05-06;7.11
1680;2005-05-07;7.11
1681;2005-05-08;7.10
1682;2005-05-09;7.08
1683;2005-05-10;7.07
1684;2005-05-11;7.04
1685;2005-05-12;7.03
1686;2005-05-13;7.02
1687;2005-05-14;7.01
1688;2005-05-15;6.99
1689;2005-05-16;6.99
1690;2005-05-17;6.98
1691;2005-05-18;6.97
1692;2005-05-19;6.95
1693;2005-05-20;6.94
1694;2005-05-21;6.93
1695;2005-05-22;6.93
1696;2005-05-23;6.97
1697;2005-05-24;6.95
1698;2005-05-25;6.93
1699;2005-05-26;6.91
1700;2005-05-27;6.89
1701;2005-05-28;6.87
1702;2005-05-29;6.85
1703;2005-05-30;6.90
1704;2005-05-31;7.06
1705;2005-06-01;7.14
1706;2005-06-02;7.20
1707;2005-06-03;7.25
1708;2005-06-04;7.31
1709;2005-06-05;7.32
1710;2005-06-06;7.34
1711;2005-06-07;7.37
1712;2005-06-08;7.43
1713;2005-06-09;7.43
1714;2005-06-10;7.60
1715;2005-06-11;7.68
1716;2005-06-12;7.71
1717;2005-06-13;7.69
1718;2005-06-14;7.68
1719;2005-06-15;7.65
1720;2005-06-16;7.63
1721;2005-06-17;7.63
1722;2005-06-18;7.66
1723;2005-06-19;7.73
1724;2005-06-20;7.89
1725;2005-06-21;8.06
1726;2005-06-22;8.07
1727;2005-06-23;8.11
1728;2005-06-24;8.12
1729;2005-06-25;8.10
1730;2005-06-26;8.10
1731;2005-06-27;8.11
1732;2005-06-28;8.12
1733;2005-06-29;8.13
1734;2005-06-30;8.14
1735;2005-07-01;8.21
1736;2005-07-02;8.21
1737;2005-07-03;8.20
1738;2005-07-04;8.19
1739;2005-07-05;8.18
1740;2005-07-06;8.16
1741;2005-07-07;8.15
1742;2005-07-08;8.16
1743;2005-07-09;8.45
1744;2005-07-10;8.54
1745;2005-07-11;8.57
1746;2005-07-12;8.57
1747;2005-07-13;8.57
1748;2005-07-14;8.57
1749;2005-07-15;8.57
1750;2005-07-16;8.56
1751;2005-07-17;8.55
1752;2005-07-18;8.53
1753;2005-07-19;8.52
1754;2005-07-20;8.51
1755;2005-07-21;8.48
1756;2005-07-22;8.46
1757;2005-07-23;8.43
1758;2005-07-24;8.41
1759;2005-07-25;8.39
1760;2005-07-26;8.37
1761;2005-07-27;8.37
1762;2005-07-28;8.36
1763;2005-07-29;8.35
1764;2005-07-30;8.34
1765;2005-07-31;8.33
1766;2005-08-01;8.31
1767;2005-08-02;8.30
1768;2005-08-03;8.27
1769;2005-08-04;8.26
1770;2005-08-05;8.25
1771;2005-08-06;8.26
1772;2005-08-07;8.30
1773;2005-08-08;8.34
1774;2005-08-09;8.34
1775;2005-08-10;8.34
1776;2005-08-11;8.33
1777;2005-08-12;8.35
1778;2005-08-13;8.41
1779;2005-08-14;8.43
1780;2005-08-15;8.50
1781;2005-08-16;8.45
1782;2005-08-17;8.42
1783;2005-08-18;8.39
1784;2005-08-19;8.37
1785;2005-08-20;8.34
1786;2005-08-21;8.32
1787;2005-08-22;8.32
1788;2005-08-23;8.37
1789;2005-08-24;8.38
1790;2005-08-25;8.39
1791;2005-08-26;8.60
1792;2005-08-27;8.64
1793;2005-08-28;8.63
1794;2005-08-29;8.61
1795;2005-08-30;8.59
1796;2005-08-31;8.57
1797;2005-09-01;8.57
1798;2005-09-02;8.63
1799;2005-09-03;8.62
1800;2005-09-04;8.62
1801;2005-09-05;8.61
1802;2005-09-06;8.59
1803;2005-09-07;8.57
1804;2005-09-08;8.55
1805;2005-09-09;8.52
1806;2005-09-10;8.52
1807;2005-09-11;8.63
1808;2005-09-12;8.70
1809;2005-09-13;8.67
1810;2005-09-14;8.65
1811;2005-09-15;8.63
1812;2005-09-16;8.60
1813;2005-09-17;8.60
1814;2005-09-18;8.61
1815;2005-09-19;8.59
1816;2005-09-20;8.61
1817;2005-09-21;8.63
1818;2005-09-22;8.62
1819;2005-09-23;8.61
1820;2005-09-24;8.59
1821;2005-09-25;8.57
1822;2005-09-26;8.58
1823;2005-09-27;8.60
1824;2005-09-28;8.61
1825;2005-09-29;8.60
1826;2005-09-30;8.59
1827;2005-10-01;8.58
1828;2005-10-02;8.60
1829;2005-10-03;8.62
1830;2005-10-04;8.64
1831;2005-10-05;8.73
1832;2005-10-06;8.74
1833;2005-10-07;8.79
1834;2005-10-08;8.81
1835;2005-10-09;8.79
1836;2005-10-10;8.78
1837;2005-10-11;8.75
1838;2005-10-12;8.73
1839;2005-10-13;8.71
1840;2005-10-14;8.68
1841;2005-10-15;8.66
1842;2005-10-16;8.64
1843;2005-10-17;8.61
1844;2005-10-18;8.59
1845;2005-10-19;8.59
1846;2005-10-20;8.56
1847;2005-10-21;8.55
1848;2005-10-22;8.54
1849;2005-10-23;8.52
1850;2005-10-24;8.52
1851;2005-10-25;8.52
1852;2005-10-26;8.52
1853;2005-10-27;8.52
1854;2005-10-28;8.52
1855;2005-10-29;8.52
1856;2005-10-30;8.52
1857;2005-10-31;8.52
1858;2005-11-01;8.52
1859;2005-11-02;8.52
1860;2005-11-03;8.52
1861;2005-11-04;8.52
1862;2005-11-05;8.52
1863;2005-11-06;8.50
1864;2005-11-07;8.49
1865;2005-11-08;8.47
1866;2005-11-09;8.45
1867;2005-11-10;8.44
1868;2005-11-11;8.42
1869;2005-11-12;8.40
1870;2005-11-13;8.39
1871;2005-11-14;8.37
1872;2005-11-15;8.35
1873;2005-11-16;8.33
1874;2005-11-17;8.32
1875;2005-11-18;8.31
1876;2005-11-19;8.31
1877;2005-11-20;8.29
1878;2005-11-21;8.27
1879;2005-11-22;8.26
1880;2005-11-23;8.23
1881;2005-11-24;8.21
1882;2005-11-25;8.20
1883;2005-11-26;8.18
1884;2005-11-27;8.16
1885;2005-11-28;8.15
1886;2005-11-29;8.14
1887;2005-11-30;8.14
1888;2005-12-01;8.12
1889;2005-12-02;8.10
1890;2005-12-03;8.08
1891;2005-12-04;8.07
1892;2005-12-05;8.06
1893;2005-12-06;8.05
1894;2005-12-07;8.05
1895;2005-12-08;8.05
1896;2005-12-09;8.04
1897;2005-12-10;8.04
1898;2005-12-11;8.03
1899;2005-12-12;8.02
1900;2005-12-13;8.00
1901;2005-12-14;7.99
1902;2005-12-15;7.98
1903;2005-12-16;7.98
1904;2005-12-17;7.97
1905;2005-12-18;7.96
1906;2005-12-19;7.96
1907;2005-12-20;7.95
1908;2005-12-21;7.94
1909;2005-12-22;7.92
1910;2005-12-23;7.91
1911;2005-12-24;7.90
1912;2005-12-25;7.89
1913;2005-12-26;7.88
1914;2005-12-27;7.87
1915;2005-12-28;7.86
1916;2005-12-29;7.86
1917;2005-12-30;7.86
1918;2005-12-31;7.82
1919;2006-01-01;7.81
1920;2006-01-02;7.80
1921;2006-01-03;7.79
1922;2006-01-04;7.78
1923;2006-01-05;7.76
1924;2006-01-06;7.75
1925;2006-01-07;7.73
1926;2006-01-08;7.72
1927;2006-01-09;7.71
1928;2006-01-10;7.70
1929;2006-01-11;7.69
1930;2006-01-12;7.68
1931;2006-01-13;7.67
1932;2006-01-14;7.69
1933;2006-01-15;7.67
1934;2006-01-16;7.66
1935;2006-01-17;7.65
1936;2006-01-18;7.64
1937;2006-01-19;7.63
1938;2006-01-20;7.63
1939;2006-01-21;7.62
1940;2006-01-22;7.60
1941;2006-01-23;7.60
1942;2006-01-24;7.58
1943;2006-01-25;7.57
1944;2006-01-26;7.56
1945;2006-01-27;7.54
1946;2006-01-28;7.52
1947;2006-01-29;7.52
1948;2006-01-30;7.51
1949;2006-01-31;7.51
1950;2006-02-01;7.49
1951;2006-02-02;7.48
1952;2006-02-03;7.48
1953;2006-02-04;7.64
1954;2006-02-05;7.68
1955;2006-02-06;7.66
1956;2006-02-07;7.65
1957;2006-02-08;7.64
1958;2006-02-09;7.63
1959;2006-02-10;7.62
1960;2006-02-11;7.60
1961;2006-02-12;7.59
1962;2006-02-13;7.58
1963;2006-02-14;7.57
1964;2006-02-15;7.56
1965;2006-02-16;7.55
1966;2006-02-17;7.55
1967;2006-02-18;7.54
1968;2006-02-19;7.53
1969;2006-02-20;7.52
1970;2006-02-21;7.51
1971;2006-02-22;7.51
1972;2006-02-23;7.51
1973;2006-02-24;7.50
1974;2006-02-25;7.52
1975;2006-02-26;7.54
1976;2006-02-27;7.54
1977;2006-02-28;7.53
1978;2006-03-01;7.53
1979;2006-03-02;7.52
1980;2006-03-03;7.52
1981;2006-03-04;7.51
1982;2006-03-05;7.51
1983;2006-03-06;7.50
1984;2006-03-07;7.49
1985;2006-03-08;7.48
1986;2006-03-09;7.47
1987;2006-03-10;7.46
1988;2006-03-11;7.46
1989;2006-03-12;7.44
1990;2006-03-13;7.43
1991;2006-03-14;7.43
1992;2006-03-15;7.42
1993;2006-03-16;7.41
1994;2006-03-17;7.39
1995;2006-03-18;7.39
1996;2006-03-19;7.37
1997;2006-03-20;7.36
1998;2006-03-21;7.35
1999;2006-03-22;7.34
2000;2006-03-23;7.39
2001;2006-03-24;7.46
2002;2006-03-25;7.44
2003;2006-03-26;7.42
2004;2006-03-27;7.40
2005;2006-03-28;7.38
2006;2006-03-29;7.37
2007;2006-03-30;7.35
2008;2006-03-31;7.34
2009;2006-04-01;7.32
2010;2006-04-02;7.31
2011;2006-04-03;7.30
2012;2006-04-04;7.29
2013;2006-04-05;7.28
2014;2006-04-06;7.27
2015;2006-04-07;7.25
2016;2006-04-08;7.24
2017;2006-04-09;7.23
2018;2006-04-10;7.22
2019;2006-04-11;7.21
2020;2006-04-12;7.19
2021;2006-04-13;7.17
2022;2006-04-14;7.16
2023;2006-04-15;7.15
2024;2006-04-16;7.13
2025;2006-04-17;7.12
2026;2006-04-18;7.10
2027;2006-04-19;7.08
2028;2006-04-20;7.07
2029;2006-04-21;7.05
2030;2006-04-22;7.04
2031;2006-04-23;7.03
2032;2006-04-24;7.01
2033;2006-04-25;6.99
2034;2006-04-26;6.98
2035;2006-04-27;6.99
2036;2006-04-28;6.98
2037;2006-04-29;6.95
2038;2006-04-30;6.91
2039;2006-05-01;6.87
2040;2006-05-02;6.83
2041;2006-05-03;6.78
2042;2006-05-04;6.72
2043;2006-05-05;6.67
2044;2006-05-06;6.61
2045;2006-05-07;6.55
2046;2006-05-08;6.50
2047;2006-05-09;6.46
2048;2006-05-10;6.42
2049;2006-05-11;6.39
2050;2006-05-12;6.37
2051;2006-05-13;6.34
2052;2006-05-14;6.30
2053;2006-05-15;6.27
2054;2006-05-16;6.47
2055;2006-05-17;6.70
2056;2006-05-18;6.67
2057;2006-05-19;6.63
2058;2006-05-20;6.58
2059;2006-05-21;6.53
2060;2006-05-22;6.49
2061;2006-05-23;6.47
2062;2006-05-24;6.44
2063;2006-05-25;6.44
2064;2006-05-26;6.45
2065;2006-05-27;6.45
2066;2006-05-28;6.52
2067;2006-05-29;6.46
2068;2006-05-30;6.43
2069;2006-05-31;6.40
2070;2006-06-01;6.37
2071;2006-06-02;6.37
2072;2006-06-03;6.48
2073;2006-06-04;6.45
2074;2006-06-05;6.40
2075;2006-06-06;6.37
2076;2006-06-07;6.33
2077;2006-06-08;6.34
2078;2006-06-09;6.39
2079;2006-06-10;6.39
2080;2006-06-11;6.39
2081;2006-06-12;6.38
2082;2006-06-13;6.34
2083;2006-06-14;6.30
2084;2006-06-15;6.26
2085;2006-06-16;6.25
2086;2006-06-17;6.23
2087;2006-06-18;6.33
2088;2006-06-19;6.46
2089;2006-06-20;6.41
2090;2006-06-21;6.36
2091;2006-06-22;6.31
2092;2006-06-23;6.27
2093;2006-06-24;6.39
2094;2006-06-25;6.90
2095;2006-06-26;6.97
2096;2006-06-27;6.96
2097;2006-06-28;6.95
2098;2006-06-29;6.95
2099;2006-06-30;6.95
2100;2006-07-01;6.96
2101;2006-07-02;6.97
2102;2006-07-03;7.02
2103;2006-07-04;7.00
2104;2006-07-05;6.99
2105;2006-07-06;7.00
2106;2006-07-07;7.04
2107;2006-07-08;7.06
2108;2006-07-09;7.16
2109;2006-07-10;7.17
2110;2006-07-11;7.20
2111;2006-07-12;7.38
2112;2006-07-13;7.49
2113;2006-07-14;7.52
2114;2006-07-15;7.49
2115;2006-07-16;7.46
2116;2006-07-17;7.43
2117;2006-07-18;7.41
2118;2006-07-19;7.42
2119;2006-07-20;7.46
2120;2006-07-21;7.54
2121;2006-07-22;7.61
2122;2006-07-23;7.61
2123;2006-07-24;7.59
2124;2006-07-25;7.55
2125;2006-07-26;7.52
2126;2006-07-27;7.49
2127;2006-07-28;7.46
2128;2006-07-29;7.44
2129;2006-07-30;7.42
2130;2006-07-31;7.40
2131;2006-08-01;7.38
2132;2006-08-02;7.35
2133;2006-08-03;7.33
2134;2006-08-04;7.31
2135;2006-08-05;7.30
2136;2006-08-06;7.29
2137;2006-08-07;7.28
2138;2006-08-08;7.28
2139;2006-08-09;7.31
2140;2006-08-10;7.31
2141;2006-08-11;7.30
2142;2006-08-12;7.28
2143;2006-08-13;7.27
2144;2006-08-14;7.30
2145;2006-08-15;7.37
2146;2006-08-16;7.55
2147;2006-08-17;7.55
2148;2006-08-18;7.54
2149;2006-08-19;7.53
2150;2006-08-20;7.53
2151;2006-08-21;7.55
2152;2006-08-22;7.55
2153;2006-08-23;7.54
2154;2006-08-24;7.53
2155;2006-08-25;7.52
2156;2006-08-26;7.52
2157;2006-08-27;7.55
2158;2006-08-28;7.56
2159;2006-08-29;7.55
2160;2006-08-30;7.62
2161;2006-08-31;7.62
2162;2006-09-01;7.61
2163;2006-09-02;7.62
2164;2006-09-03;7.64
2165;2006-09-04;7.66
2166;2006-09-05;7.68
2167;2006-09-06;7.72
2168;2006-09-07;7.72
2169;2006-09-08;7.72
2170;2006-09-09;7.72
2171;2006-09-10;7.72
2172;2006-09-11;7.73
2173;2006-09-12;7.72
2174;2006-09-13;7.71
2175;2006-09-14;7.71
2176;2006-09-15;7.71
2177;2006-09-16;7.71
2178;2006-09-17;7.73
2179;2006-09-18;7.74
2180;2006-09-19;7.75
2181;2006-09-20;7.83
2182;2006-09-21;7.83
2183;2006-09-22;7.83
2184;2006-09-23;7.83
2185;2006-09-24;7.82
2186;2006-09-25;7.82
2187;2006-09-26;7.81
2188;2006-09-27;7.81
2189;2006-09-28;7.84
2190;2006-09-29;7.86
2191;2006-09-30;7.86
2192;2006-10-01;7.86
2193;2006-10-02;7.86
2194;2006-10-03;7.86
2195;2006-10-04;7.86
2196;2006-10-05;7.86
2197;2006-10-06;7.86
2198;2006-10-07;7.86
2199;2006-10-08;7.86
2200;2006-10-09;7.86
2201;2006-10-10;7.87
2202;2006-10-11;7.87
2203;2006-10-12;7.87
2204;2006-10-13;7.88
2205;2006-10-14;7.88
2206;2006-10-15;7.88
2207;2006-10-16;7.88
2208;2006-10-17;7.88
2209;2006-10-18;7.88
2210;2006-10-19;7.88
2211;2006-10-20;7.88
2212;2006-10-21;7.88
2213;2006-10-22;7.88
2214;2006-10-23;7.88
2215;2006-10-24;7.87
2216;2006-10-25;7.86
2217;2006-10-26;7.86
2218;2006-10-27;7.86
2219;2006-10-28;7.88
2220;2006-10-29;7.89
2221;2006-10-30;7.89
2222;2006-10-31;7.88
2223;2006-11-01;7.89
2224;2006-11-02;7.89
2225;2006-11-03;7.90
2226;2006-11-04;7.90
2227;2006-11-05;7.90
2228;2006-11-06;7.89
2229;2006-11-07;7.88
2230;2006-11-08;7.88
2231;2006-11-09;7.86
2232;2006-11-10;7.85
2233;2006-11-11;7.84
2234;2006-11-12;7.82
2235;2006-11-13;7.81
2236;2006-11-14;7.80
2237;2006-11-15;7.79
2238;2006-11-16;7.80
2239;2006-11-17;7.79
2240;2006-11-18;7.77
2241;2006-11-19;7.75
2242;2006-11-20;7.74
2243;2006-11-21;7.72
2244;2006-11-22;7.70
2245;2006-11-23;7.69
2246;2006-11-24;7.67
2247;2006-11-25;7.67
2248;2006-11-26;7.66
2249;2006-11-27;7.65
2250;2006-11-28;7.64
2251;2006-11-29;7.63
2252;2006-11-30;7.62
2253;2006-12-01;7.61
2254;2006-12-02;7.59
2255;2006-12-03;7.59
2256;2006-12-04;7.59
2257;2006-12-05;7.55
2258;2006-12-06;7.55
2259;2006-12-07;7.53
2260;2006-12-08;7.51
2261;2006-12-09;7.50
2262;2006-12-10;7.49
2263;2006-12-11;7.47
2264;2006-12-12;7.46
2265;2006-12-13;7.46
2266;2006-12-14;7.46
2267;2006-12-15;7.47
2268;2006-12-16;7.47
2269;2006-12-17;7.48
2270;2006-12-18;7.47
2271;2006-12-19;7.46
2272;2006-12-20;7.45
2273;2006-12-21;7.44
2274;2006-12-22;7.43
2275;2006-12-23;7.43
2276;2006-12-24;7.43
2277;2006-12-25;7.43
2278;2006-12-26;7.45
2279;2006-12-27;7.43
2280;2006-12-28;7.42
2281;2006-12-29;7.41
2282;2006-12-30;7.40
2283;2006-12-31;7.39
2284;2007-01-01;7.38
2285;2007-01-02;7.39
2286;2007-01-03;7.41
2287;2007-01-04;7.40
2288;2007-01-05;7.40
2289;2007-01-06;7.40
2290;2007-01-07;7.39
2291;2007-01-08;7.38
2292;2007-01-09;7.38
2293;2007-01-10;7.37
2294;2007-01-11;7.36
2295;2007-01-12;7.35
2296;2007-01-13;7.34
2297;2007-01-14;7.33
2298;2007-01-15;7.32
2299;2007-01-16;7.31
2300;2007-01-17;7.30
2301;2007-01-18;7.30
2302;2007-01-19;7.29
2303;2007-01-20;7.28
2304;2007-01-21;7.27
2305;2007-01-22;7.26
2306;2007-01-23;7.26
2307;2007-01-24;7.25
2308;2007-01-25;7.25
2309;2007-01-26;7.25
2310;2007-01-27;7.24
2311;2007-01-28;7.23
2312;2007-01-29;7.23
2313;2007-01-30;7.21
2314;2007-01-31;7.21
2315;2007-02-01;7.20
2316;2007-02-02;7.20
2317;2007-02-03;7.19
2318;2007-02-04;7.21
2319;2007-02-05;7.24
2320;2007-02-06;7.23
2321;2007-02-07;7.22
2322;2007-02-08;7.22
2323;2007-02-09;7.21
2324;2007-02-10;7.20
2325;2007-02-11;7.19
2326;2007-02-12;7.20
2327;2007-02-13;7.21
2328;2007-02-14;7.20
2329;2007-02-15;7.19
2330;2007-02-16;7.20
2331;2007-02-17;7.19
2332;2007-02-18;7.18
2333;2007-02-19;7.17
2334;2007-02-20;7.16
2335;2007-02-21;7.15
2336;2007-02-22;7.14
2337;2007-02-23;7.14
2338;2007-02-24;7.13
2339;2007-02-25;7.11
2340;2007-02-26;7.11
2341;2007-02-27;7.13
2342;2007-02-28;7.13
2343;2007-03-01;7.12
2344;2007-03-02;7.12
2345;2007-03-03;7.11
2346;2007-03-04;7.10
2347;2007-03-05;7.08
2348;2007-03-06;7.06
2349;2007-03-07;7.05
2350;2007-03-08;7.04
2351;2007-03-09;7.03
2352;2007-03-10;7.02
2353;2007-03-11;7.00
2354;2007-03-12;6.99
2355;2007-03-13;6.97
2356;2007-03-14;6.96
2357;2007-03-15;6.94
2358;2007-03-16;6.93
2359;2007-03-17;6.92
2360;2007-03-18;6.89
2361;2007-03-19;6.86
2362;2007-03-20;6.85
2363;2007-03-21;6.85
2364;2007-03-22;6.90
2365;2007-03-23;6.95
2366;2007-03-24;6.93
2367;2007-03-25;6.91
2368;2007-03-26;6.89
2369;2007-03-27;6.86
2370;2007-03-28;6.82
2371;2007-03-29;6.78
2372;2007-03-30;6.73
2373;2007-03-31;6.67
2374;2007-04-01;6.61
2375;2007-04-02;6.54
2376;2007-04-03;6.50
2377;2007-04-04;6.48
2378;2007-04-05;6.53
2379;2007-04-06;6.50
2380;2007-04-07;6.45
2381;2007-04-08;6.40
2382;2007-04-09;6.36
2383;2007-04-10;6.33
2384;2007-04-11;6.66
2385;2007-04-12;6.82
2386;2007-04-13;6.91
2387;2007-04-14;6.91
2388;2007-04-15;6.91
2389;2007-04-16;6.91
2390;2007-04-17;6.89
2391;2007-04-18;6.86
2392;2007-04-19;6.82
2393;2007-04-20;6.77
2394;2007-04-21;6.77
2395;2007-04-22;6.77
2396;2007-04-23;6.59
2397;2007-04-24;6.53
2398;2007-04-25;6.48
2399;2007-04-26;6.45
2400;2007-04-27;6.41
2401;2007-04-28;6.38
2402;2007-04-29;6.34
2403;2007-04-30;6.31
2404;2007-05-01;6.27
2405;2007-05-02;6.26
2406;2007-05-03;6.28
2407;2007-05-04;6.27
2408;2007-05-05;6.24
2409;2007-05-06;6.22
2410;2007-05-07;6.41
2411;2007-05-08;6.41
2412;2007-05-09;6.39
2413;2007-05-10;6.37
2414;2007-05-11;6.33
2415;2007-05-12;6.31
2416;2007-05-13;6.27
2417;2007-05-14;6.24
2418;2007-05-15;6.23
2419;2007-05-16;6.22
2420;2007-05-17;6.23
2421;2007-05-18;6.22
2422;2007-05-19;6.22
2423;2007-05-20;6.21
2424;2007-05-21;6.18
2425;2007-05-22;6.15
2426;2007-05-23;6.11
2427;2007-05-24;6.07
2428;2007-05-25;6.04
2429;2007-05-26;6.02
2430;2007-05-27;5.99
2431;2007-05-28;5.96
2432;2007-05-29;5.92
2433;2007-05-30;5.89
2434;2007-05-31;5.86
2435;2007-06-01;5.89
2436;2007-06-02;6.30
2437;2007-06-03;6.34
2438;2007-06-04;6.29
2439;2007-06-05;6.25
2440;2007-06-06;6.23
2441;2007-06-07;6.35
2442;2007-06-08;6.60
2443;2007-06-09;6.73
2444;2007-06-10;6.74
2445;2007-06-11;6.74
2446;2007-06-12;6.71
2447;2007-06-13;6.68
2448;2007-06-14;6.65
2449;2007-06-15;6.68
2450;2007-06-16;6.86
2451;2007-06-17;7.00
2452;2007-06-18;7.03
2453;2007-06-19;7.04
2454;2007-06-20;7.04
2455;2007-06-21;7.04
2456;2007-06-22;7.02
2457;2007-06-23;7.01
2458;2007-06-24;7.00
2459;2007-06-25;6.99
2460;2007-06-26;7.01
2461;2007-06-27;7.00
2462;2007-06-28;6.99
2463;2007-06-29;6.98
2464;2007-06-30;6.96
2465;2007-07-01;7.01
2466;2007-07-02;7.10
2467;2007-07-03;7.11
2468;2007-07-04;7.14
2469;2007-07-05;7.19
2470;2007-07-06;7.20
2471;2007-07-07;7.21
2472;2007-07-08;7.21
2473;2007-07-09;7.21
2474;2007-07-10;7.20
2475;2007-07-11;7.22
2476;2007-07-12;7.26
2477;2007-07-13;7.24
2478;2007-07-14;7.22
2479;2007-07-15;7.20
2480;2007-07-16;7.19
2481;2007-07-17;7.17
2482;2007-07-18;7.15
2483;2007-07-19;7.13
2484;2007-07-20;7.11
2485;2007-07-21;7.11
2486;2007-07-22;7.13
2487;2007-07-23;7.13
2488;2007-07-24;7.13
2489;2007-07-25;7.14
2490;2007-07-26;7.15
2491;2007-07-27;7.17
2492;2007-07-28;7.21
2493;2007-07-29;7.21
2494;2007-07-30;7.20
2495;2007-07-31;7.19
2496;2007-08-01;7.19
2497;2007-08-02;7.20
2498;2007-08-03;7.18
2499;2007-08-04;7.17
2500;2007-08-05;7.15
2501;2007-08-06;7.13
2502;2007-08-07;7.12
2503;2007-08-08;7.10
2504;2007-08-09;7.09
2505;2007-08-10;7.08
2506;2007-08-11;7.08
2507;2007-08-12;7.13
2508;2007-08-13;7.17
2509;2007-08-14;7.24
2510;2007-08-15;7.34
2511;2007-08-16;7.31
2512;2007-08-17;7.28
2513;2007-08-18;7.25
2514;2007-08-19;7.23
2515;2007-08-20;7.21
2516;2007-08-21;7.19
2517;2007-08-22;7.17
2518;2007-08-23;7.16
2519;2007-08-24;7.14
2520;2007-08-25;7.13
2521;2007-08-26;7.13
2522;2007-08-27;7.11
2523;2007-08-28;7.10
2524;2007-08-29;7.08
2525;2007-08-30;7.07
2526;2007-08-31;7.04
2527;2007-09-01;7.02
2528;2007-09-02;7.01
2529;2007-09-03;7.03
2530;2007-09-04;7.13
2531;2007-09-05;7.11
2532;2007-09-06;7.09
2533;2007-09-07;7.08
2534;2007-09-08;7.06
2535;2007-09-09;7.11
2536;2007-09-10;7.16
2537;2007-09-11;7.13
2538;2007-09-12;7.11
2539;2007-09-13;7.11
2540;2007-09-14;7.10
2541;2007-09-15;7.09
2542;2007-09-16;7.14
2543;2007-09-17;7.17
2544;2007-09-18;7.19
2545;2007-09-19;7.17
2546;2007-09-20;7.15
2547;2007-09-21;7.14
2548;2007-09-22;7.13
2549;2007-09-23;7.13
2550;2007-09-24;7.20
2551;2007-09-25;7.26
2552;2007-09-26;7.28
2553;2007-09-27;7.27
2554;2007-09-28;7.25
2555;2007-09-29;7.24
2556;2007-09-30;7.35
2557;2007-10-01;7.59
2558;2007-10-02;7.67
2559;2007-10-03;7.65
2560;2007-10-04;7.63
2561;2007-10-05;7.61
2562;2007-10-06;7.62
2563;2007-10-07;7.61
2564;2007-10-08;7.58
2565;2007-10-09;7.57
2566;2007-10-10;7.61
2567;2007-10-11;7.62
2568;2007-10-12;7.60
2569;2007-10-13;7.58
2570;2007-10-14;7.55
2571;2007-10-15;7.54
2572;2007-10-16;7.51
2573;2007-10-17;7.54
2574;2007-10-18;7.60
2575;2007-10-19;7.56
2576;2007-10-20;7.55
2577;2007-10-21;7.57
2578;2007-10-22;7.55
2579;2007-10-23;7.53
2580;2007-10-24;7.53
2581;2007-10-25;7.53
2582;2007-10-26;7.55
2583;2007-10-27;7.57
2584;2007-10-28;7.57
2585;2007-10-29;7.60
2586;2007-10-30;7.60
2587;2007-10-31;7.58
2588;2007-11-01;7.66
2589;2007-11-02;7.66
2590;2007-11-03;7.65
2591;2007-11-04;7.63
2592;2007-11-05;7.61
2593;2007-11-06;7.64
2594;2007-11-07;7.62
2595;2007-11-08;7.60
2596;2007-11-09;7.59
2597;2007-11-10;7.57
2598;2007-11-11;7.56
2599;2007-11-12;7.54
2600;2007-11-13;7.53
2601;2007-11-14;7.52
2602;2007-11-15;7.51
2603;2007-11-16;7.49
2604;2007-11-17;7.47
2605;2007-11-18;7.45
2606;2007-11-19;7.44
2607;2007-11-20;7.43
2608;2007-11-21;7.42
2609;2007-11-22;7.41
2610;2007-11-23;7.40
2611;2007-11-24;7.40
2612;2007-11-25;7.40
2613;2007-11-26;7.38
2614;2007-11-27;7.37
2615;2007-11-28;7.36
2616;2007-11-29;7.35
2617;2007-11-30;7.34
2618;2007-12-01;7.33
2619;2007-12-02;7.32
2620;2007-12-03;7.31
2621;2007-12-04;7.30
2622;2007-12-05;7.29
2623;2007-12-06;7.28
2624;2007-12-07;7.28
2625;2007-12-08;7.27
2626;2007-12-09;7.28
2627;2007-12-10;7.27
2628;2007-12-11;7.27
2629;2007-12-12;7.26
2630;2007-12-13;7.25
2631;2007-12-14;7.25
2632;2007-12-15;7.24
2633;2007-12-16;7.24
2634;2007-12-17;7.23
2635;2007-12-18;7.21
2636;2007-12-19;7.21
2637;2007-12-20;7.20
2638;2007-12-21;7.19
2639;2007-12-22;7.19
2640;2007-12-23;7.18
2641;2007-12-24;7.18
2642;2007-12-25;7.17
2643;2007-12-26;7.17
2644;2007-12-27;7.16
2645;2007-12-28;7.16
2646;2007-12-29;7.15
2647;2007-12-30;7.15
2648;2007-12-31;7.14
2649;2008-01-01;7.12
2650;2008-01-02;7.11
2651;2008-01-03;7.10
2652;2008-01-04;7.08
2653;2008-01-05;7.09
2654;2008-01-06;7.09
2655;2008-01-07;7.08
2656;2008-01-08;7.07
2657;2008-01-09;7.06
2658;2008-01-10;7.06
2659;2008-01-11;7.05
2660;2008-01-12;7.04
2661;2008-01-13;7.04
2662;2008-01-14;7.03
2663;2008-01-15;7.02
2664;2008-01-16;7.01
2665;2008-01-17;7.00
2666;2008-01-18;6.99
2667;2008-01-19;6.98
2668;2008-01-20;6.97
2669;2008-01-21;6.96
2670;2008-01-22;6.95
2671;2008-01-23;6.94
2672;2008-01-24;6.94
2673;2008-01-25;6.93
2674;2008-01-26;6.91
2675;2008-01-27;6.90
2676;2008-01-28;6.87
2677;2008-01-29;6.85
2678;2008-01-30;6.82
2679;2008-01-31;6.78
2680;2008-02-01;6.74
2681;2008-02-02;6.71
2682;2008-02-03;6.67
2683;2008-02-04;6.64
2684;2008-02-05;6.59
2685;2008-02-06;6.55
2686;2008-02-07;6.51
2687;2008-02-08;6.48
2688;2008-02-09;6.45
2689;2008-02-10;6.44
2690;2008-02-11;6.41
2691;2008-02-12;6.40
2692;2008-02-13;6.60
2693;2008-02-14;6.78
2694;2008-02-15;6.78
2695;2008-02-16;6.78
2696;2008-02-17;6.78
2697;2008-02-18;6.78
2698;2008-02-19;6.77
2699;2008-02-20;6.75
2700;2008-02-21;6.73
2701;2008-02-22;6.71
2702;2008-02-23;6.66
2703;2008-02-24;6.62
2704;2008-02-25;6.58
2705;2008-02-26;6.53
2706;2008-02-27;6.50
2707;2008-02-28;6.46
2708;2008-02-29;6.43
2709;2008-03-01;6.40
2710;2008-03-02;6.37
2711;2008-03-03;6.35
2712;2008-03-04;6.32
2713;2008-03-05;6.40
2714;2008-03-06;6.57
2715;2008-03-07;6.64
2716;2008-03-08;6.65
2717;2008-03-09;6.63
2718;2008-03-10;6.58
2719;2008-03-11;6.54
2720;2008-03-12;6.51
2721;2008-03-13;6.48
2722;2008-03-14;6.45
2723;2008-03-15;6.41
2724;2008-03-16;6.38
2725;2008-03-17;6.36
2726;2008-03-18;6.31
2727;2008-03-19;6.29
2728;2008-03-20;6.28
2729;2008-03-21;6.33
2730;2008-03-22;6.49
2731;2008-03-23;6.87
2732;2008-03-24;6.87
2733;2008-03-25;6.87
2734;2008-03-26;6.87
2735;2008-03-27;6.86
2736;2008-03-28;6.84
2737;2008-03-29;6.82
2738;2008-03-30;6.86
2739;2008-03-31;6.98
2740;2008-04-01;6.97
2741;2008-04-02;6.96
2742;2008-04-03;6.93
2743;2008-04-04;6.91
2744;2008-04-05;6.88
2745;2008-04-06;6.93
2746;2008-04-07;7.05
2747;2008-04-08;7.05
2748;2008-04-09;7.05
2749;2008-04-10;7.04
2750;2008-04-11;7.02
2751;2008-04-12;7.01
2752;2008-04-13;7.01
2753;2008-04-14;7.00
2754;2008-04-15;6.97
2755;2008-04-16;6.96
2756;2008-04-17;6.93
2757;2008-04-18;6.91
2758;2008-04-19;6.89
2759;2008-04-20;6.88
2760;2008-04-21;6.86
2761;2008-04-22;6.84
2762;2008-04-23;6.81
2763;2008-04-24;6.78
2764;2008-04-25;6.75
2765;2008-04-26;6.72
2766;2008-04-27;6.70
2767;2008-04-28;6.67
2768;2008-04-29;6.70
2769;2008-04-30;6.79
2770;2008-05-01;6.78
2771;2008-05-02;6.77
2772;2008-05-03;6.75
2773;2008-05-04;6.72
2774;2008-05-05;6.69
2775;2008-05-06;6.67
2776;2008-05-07;6.63
2777;2008-05-08;6.61
2778;2008-05-09;6.59
2779;2008-05-10;6.56
2780;2008-05-11;6.53
2781;2008-05-12;6.50
2782;2008-05-13;6.47
2783;2008-05-14;6.44
2784;2008-05-15;6.42
2785;2008-05-16;6.39
2786;2008-05-17;6.36
2787;2008-05-18;6.33
2788;2008-05-19;6.30
2789;2008-05-20;6.28
2790;2008-05-21;6.27
2791;2008-05-22;6.24
2792;2008-05-23;6.25
2793;2008-05-24;6.44
2794;2008-05-25;6.47
2795;2008-05-26;6.50
2796;2008-05-27;6.52
2797;2008-05-28;6.54
2798;2008-05-29;6.54
2799;2008-05-30;6.57
2800;2008-05-31;6.61
2801;2008-06-01;6.59
2802;2008-06-02;6.56
2803;2008-06-03;6.53
2804;2008-06-04;6.50
2805;2008-06-05;6.45
2806;2008-06-06;6.41
2807;2008-06-07;6.36
2808;2008-06-08;6.35
2809;2008-06-09;6.33
2810;2008-06-10;6.38
2811;2008-06-11;6.71
2812;2008-06-12;6.75
2813;2008-06-13;6.78
2814;2008-06-14;6.78
2815;2008-06-15;6.78
2816;2008-06-16;6.80
2817;2008-06-17;6.88
2818;2008-06-18;7.03
2819;2008-06-19;7.32
2820;2008-06-20;7.41
2821;2008-06-21;7.42
2822;2008-06-22;7.43
2823;2008-06-23;7.45
2824;2008-06-24;7.43
2825;2008-06-25;7.40
2826;2008-06-26;7.37
2827;2008-06-27;7.35
2828;2008-06-28;7.32
2829;2008-06-29;7.29
2830;2008-06-30;7.26
2831;2008-07-01;7.26
2832;2008-07-02;7.27
2833;2008-07-03;7.26
2834;2008-07-04;7.26
2835;2008-07-05;7.25
2836;2008-07-06;7.26
2837;2008-07-07;7.26
2838;2008-07-08;7.34
2839;2008-07-09;7.34
2840;2008-07-10;7.31
2841;2008-07-11;7.29
2842;2008-07-12;7.28
2843;2008-07-13;7.30
2844;2008-07-14;7.29
2845;2008-07-15;7.30
2846;2008-07-16;7.35
2847;2008-07-17;7.34
2848;2008-07-18;7.33
2849;2008-07-19;7.37
2850;2008-07-20;7.36
2851;2008-07-21;7.34
2852;2008-07-22;7.32
2853;2008-07-23;7.32
2854;2008-07-24;7.40
2855;2008-07-25;7.42
2856;2008-07-26;7.47
2857;2008-07-27;7.47
2858;2008-07-28;7.50
2859;2008-07-29;7.61
2860;2008-07-30;7.59
2861;2008-07-31;7.58
2862;2008-08-01;7.56
2863;2008-08-02;7.56
2864;2008-08-03;7.63
2865;2008-08-04;7.66
2866;2008-08-05;7.66
2867;2008-08-06;7.66
2868;2008-08-07;7.64
2869;2008-08-08;7.63
2870;2008-08-09;7.62
2871;2008-08-10;7.61
2872;2008-08-11;7.61
2873;2008-08-12;7.61
2874;2008-08-13;7.61
2875;2008-08-14;7.61
2876;2008-08-15;7.64
2877;2008-08-16;7.68
2878;2008-08-17;7.70
2879;2008-08-18;7.79
2880;2008-08-19;8.01
2881;2008-08-20;8.03
2882;2008-08-21;8.03
2883;2008-08-22;8.05
2884;2008-08-23;8.08
2885;2008-08-24;8.08
2886;2008-08-25;8.08
2887;2008-08-26;8.10
2888;2008-08-27;8.14
2889;2008-08-28;8.13
2890;2008-08-29;8.12
2891;2008-08-30;8.12
2892;2008-08-31;8.21
2893;2008-09-01;8.26
2894;2008-09-02;8.24
2895;2008-09-03;8.23
2896;2008-09-04;8.20
2897;2008-09-05;8.20
2898;2008-09-06;8.19
2899;2008-09-07;8.17
2900;2008-09-08;8.15
2901;2008-09-09;8.16
2902;2008-09-10;8.19
2903;2008-09-11;8.19
2904;2008-09-12;8.18
2905;2008-09-13;8.17
2906;2008-09-14;8.15
2907;2008-09-15;8.14
2908;2008-09-16;8.15
2909;2008-09-17;8.17
2910;2008-09-18;8.16
2911;2008-09-19;8.16
2912;2008-09-20;8.15
2913;2008-09-21;8.14
2914;2008-09-22;8.13
2915;2008-09-23;8.15
2916;2008-09-24;8.19
2917;2008-09-25;8.18
2918;2008-09-26;8.16
2919;2008-09-27;8.15
2920;2008-09-28;8.17
2921;2008-09-29;8.24
2922;2008-09-30;8.31
2923;2008-10-01;8.40
2924;2008-10-02;8.40
2925;2008-10-03;8.39
2926;2008-10-04;8.40
2927;2008-10-05;8.45
2928;2008-10-06;8.47
2929;2008-10-07;8.47
2930;2008-10-08;8.46
2931;2008-10-09;8.49
2932;2008-10-10;8.56
2933;2008-10-11;8.59
2934;2008-10-12;8.58
2935;2008-10-13;8.57
2936;2008-10-14;8.61
2937;2008-10-15;8.61
2938;2008-10-16;8.61
2939;2008-10-17;8.61
2940;2008-10-18;8.59
2941;2008-10-19;8.57
2942;2008-10-20;8.54
2943;2008-10-21;8.52
2944;2008-10-22;8.50
2945;2008-10-23;8.50
2946;2008-10-24;8.51
2947;2008-10-25;8.50
2948;2008-10-26;8.50
2949;2008-10-27;8.48
2950;2008-10-28;8.45
2951;2008-10-29;8.43
2952;2008-10-30;8.42
2953;2008-10-31;8.41
2954;2008-11-01;8.39
2955;2008-11-02;8.37
2956;2008-11-03;8.37
2957;2008-11-04;8.35
2958;2008-11-05;8.34
2959;2008-11-06;8.32
2960;2008-11-07;8.30
2961;2008-11-08;8.29
2962;2008-11-09;8.27
2963;2008-11-10;8.25
2964;2008-11-11;8.23
2965;2008-11-12;8.22
2966;2008-11-13;8.20
2967;2008-11-14;8.17
2968;2008-11-15;8.14
2969;2008-11-16;8.11
2970;2008-11-17;8.08
2971;2008-11-18;8.05
2972;2008-11-19;8.04
2973;2008-11-20;8.02
2974;2008-11-21;8.02
2975;2008-11-22;8.01
2976;2008-11-23;8.00
2977;2008-11-24;8.00
2978;2008-11-25;7.99
2979;2008-11-26;7.99
2980;2008-11-27;7.98
2981;2008-11-28;7.97
2982;2008-11-29;7.97
2983;2008-11-30;7.99
2984;2008-12-01;8.06
2985;2008-12-02;8.06
2986;2008-12-03;8.05
2987;2008-12-04;8.04
2988;2008-12-05;8.03
2989;2008-12-06;8.03
2990;2008-12-07;8.02
2991;2008-12-08;8.01
2992;2008-12-09;8.01
2993;2008-12-10;8.00
2994;2008-12-11;8.00
2995;2008-12-12;8.00
2996;2008-12-13;7.99
2997;2008-12-14;7.97
2998;2008-12-15;7.96
2999;2008-12-16;7.95
3000;2008-12-17;7.94
3001;2008-12-18;7.93
3002;2008-12-19;7.92
3003;2008-12-20;7.90
3004;2008-12-21;7.89
3005;2008-12-22;7.87
3006;2008-12-23;7.85
3007;2008-12-24;7.84
3008;2008-12-25;7.84
3009;2008-12-26;7.83
3010;2008-12-27;7.81
3011;2008-12-28;7.80
3012;2008-12-29;7.79
3013;2008-12-30;7.77
3014;2008-12-31;7.76
3015;2009-01-01;7.74
3016;2009-01-02;7.73
3017;2009-01-03;7.71
3018;2009-01-04;7.70
3019;2009-01-05;7.69
3020;2009-01-06;7.68
3021;2009-01-07;7.67
3022;2009-01-08;7.66
3023;2009-01-09;7.65
3024;2009-01-10;7.64
3025;2009-01-11;7.62
3026;2009-01-12;7.61
3027;2009-01-13;7.60
3028;2009-01-14;7.59
3029;2009-01-15;7.57
3030;2009-01-16;7.56
3031;2009-01-17;7.54
3032;2009-01-18;7.53
3033;2009-01-19;7.52
3034;2009-01-20;7.51
3035;2009-01-21;7.49
3036;2009-01-22;7.48
3037;2009-01-23;7.47
3038;2009-01-24;7.46
3039;2009-01-25;7.45
3040;2009-01-26;7.44
3041;2009-01-27;7.43
3042;2009-01-28;7.42
3043;2009-01-29;7.41
3044;2009-01-30;7.40
3045;2009-01-31;7.40
3046;2009-02-01;7.38
3047;2009-02-02;7.38
3048;2009-02-03;7.42
3049;2009-02-04;7.41
3050;2009-02-05;7.39
3051;2009-02-06;7.38
3052;2009-02-07;7.37
3053;2009-02-08;7.37
3054;2009-02-09;7.36
3055;2009-02-10;7.35
3056;2009-02-11;7.34
3057;2009-02-12;7.34
3058;2009-02-13;7.33
3059;2009-02-14;7.32
3060;2009-02-15;7.34
3061;2009-02-16;7.33
3062;2009-02-17;7.32
3063;2009-02-18;7.30
3064;2009-02-19;7.29
3065;2009-02-20;7.28
3066;2009-02-21;7.27
3067;2009-02-22;7.26
3068;2009-02-23;7.25
3069;2009-02-24;7.25
3070;2009-02-25;7.24
3071;2009-02-26;7.23
3072;2009-02-27;7.21
3073;2009-02-28;7.21
3074;2009-03-01;7.20
3075;2009-03-02;7.19
3076;2009-03-03;7.17
3077;2009-03-04;7.17
3078;2009-03-05;7.16
3079;2009-03-06;7.15
3080;2009-03-07;7.14
3081;2009-03-08;7.13
3082;2009-03-09;7.12
3083;2009-03-10;7.11
3084;2009-03-11;7.10
3085;2009-03-12;7.09
3086;2009-03-13;7.08
3087;2009-03-14;7.06
3088;2009-03-15;7.05
3089;2009-03-16;7.05
3090;2009-03-17;7.03
3091;2009-03-18;7.09
3092;2009-03-19;7.10
3093;2009-03-20;7.09
3094;2009-03-21;7.08
3095;2009-03-22;7.08
3096;2009-03-23;7.06
3097;2009-03-24;7.05
3098;2009-03-25;7.03
3099;2009-03-26;7.02
3100;2009-03-27;7.00
3101;2009-03-28;6.99
3102;2009-03-29;6.97
3103;2009-03-30;6.97
3104;2009-03-31;6.95
3105;2009-04-01;6.93
3106;2009-04-02;6.90
3107;2009-04-03;6.88
3108;2009-04-04;6.84
3109;2009-04-05;6.80
3110;2009-04-06;6.75
3111;2009-04-07;6.68
3112;2009-04-08;6.62
3113;2009-04-09;6.56
3114;2009-04-10;6.51
3115;2009-04-11;6.47
3116;2009-04-12;6.44
3117;2009-04-13;6.40
3118;2009-04-14;6.36
3119;2009-04-15;6.33
3120;2009-04-16;6.30
3121;2009-04-17;6.27
3122;2009-04-18;6.24
3123;2009-04-19;6.19
3124;2009-04-20;6.16
3125;2009-04-21;6.21
3126;2009-04-22;6.24
3127;2009-04-23;6.21
3128;2009-04-24;6.17
3129;2009-04-25;6.12
3130;2009-04-26;6.09
3131;2009-04-27;6.05
3132;2009-04-28;6.02
3133;2009-04-29;5.99
3134;2009-04-30;5.95
3135;2009-05-01;5.91
3136;2009-05-02;5.87
3137;2009-05-03;5.83
3138;2009-05-04;5.80
3139;2009-05-05;5.77
3140;2009-05-06;5.72
3141;2009-05-07;5.68
3142;2009-05-08;5.64
3143;2009-05-09;5.60
3144;2009-05-10;5.55
3145;2009-05-11;5.52
3146;2009-05-12;5.48
3147;2009-05-13;5.45
3148;2009-05-14;5.42
3149;2009-05-15;5.40
3150;2009-05-16;5.43
3151;2009-05-17;5.45
3152;2009-05-18;5.45
3153;2009-05-19;5.68
3154;2009-05-20;5.77
3155;2009-05-21;5.76
3156;2009-05-22;5.79
3157;2009-05-23;5.86
3158;2009-05-24;5.96
3159;2009-05-25;6.22
3160;2009-05-26;6.34
3161;2009-05-27;6.37
3162;2009-05-28;6.38
3163;2009-05-29;6.55
3164;2009-05-30;6.75
3165;2009-05-31;6.77
3166;2009-06-01;6.79
3167;2009-06-02;6.80
3168;2009-06-03;6.79
3169;2009-06-04;6.77
3170;2009-06-05;6.77
3171;2009-06-06;6.80
3172;2009-06-07;6.89
3173;2009-06-08;6.94
3174;2009-06-09;6.99
3175;2009-06-10;6.98
3176;2009-06-11;6.97
3177;2009-06-12;6.97
3178;2009-06-13;6.99
3179;2009-06-14;7.03
3180;2009-06-15;7.01
3181;2009-06-16;6.99
3182;2009-06-17;7.01
3183;2009-06-18;7.01
3184;2009-06-19;7.01
3185;2009-06-20;7.01
3186;2009-06-21;7.01
3187;2009-06-22;7.03
3188;2009-06-23;7.06
3189;2009-06-24;7.12
3190;2009-06-25;7.10
3191;2009-06-26;7.11
3192;2009-06-27;7.13
3193;2009-06-28;7.16
3194;2009-06-29;7.18
3195;2009-06-30;7.22
3196;2009-07-01;7.29
3197;2009-07-02;7.36
3198;2009-07-03;7.38
3199;2009-07-04;7.37
3200;2009-07-05;7.42
3201;2009-07-06;7.45
3202;2009-07-07;7.42
3203;2009-07-08;7.40
3204;2009-07-09;7.40
3205;2009-07-10;7.39
3206;2009-07-11;7.39
3207;2009-07-12;7.44
3208;2009-07-13;7.50
3209;2009-07-14;7.48
3210;2009-07-15;7.47
3211;2009-07-16;7.49
3212;2009-07-17;7.50
3213;2009-07-18;7.51
3214;2009-07-19;7.61
3215;2009-07-20;7.61
3216;2009-07-21;7.61
3217;2009-07-22;7.64
3218;2009-07-23;7.68
3219;2009-07-24;7.75
3220;2009-07-25;7.76
3221;2009-07-26;7.79
3222;2009-07-27;7.85
3223;2009-07-28;7.85
3224;2009-07-29;7.85
3225;2009-07-30;7.89
3226;2009-07-31;7.89
3227;2009-08-01;7.89
3228;2009-08-02;7.89
3229;2009-08-03;7.89
3230;2009-08-04;7.89
3231;2009-08-05;7.88
3232;2009-08-06;7.88
3233;2009-08-07;7.88
3234;2009-08-08;7.89
3235;2009-08-09;7.93
3236;2009-08-10;8.04
3237;2009-08-11;8.04
3238;2009-08-12;8.04
3239;2009-08-13;8.05
3240;2009-08-14;8.06
3241;2009-08-15;8.12
3242;2009-08-16;8.20
3243;2009-08-17;8.20
3244;2009-08-18;8.21
3245;2009-08-19;8.21
3246;2009-08-20;8.20
3247;2009-08-21;8.18
3248;2009-08-22;8.16
3249;2009-08-23;8.14
3250;2009-08-24;8.14
3251;2009-08-25;8.13
3252;2009-08-26;8.12
3253;2009-08-27;8.11
3254;2009-08-28;8.10
3255;2009-08-29;8.08
3256;2009-08-30;8.06
3257;2009-08-31;8.05
3258;2009-09-01;8.09
3259;2009-09-02;8.08
3260;2009-09-03;8.08
3261;2009-09-04;8.09
3262;2009-09-05;8.09
3263;2009-09-06;8.09
3264;2009-09-07;8.07
3265;2009-09-08;8.05
3266;2009-09-09;8.08
3267;2009-09-10;8.12
3268;2009-09-11;8.10
3269;2009-09-12;8.09
3270;2009-09-13;8.11
3271;2009-09-14;8.15
3272;2009-09-15;8.13
3273;2009-09-16;8.14
3274;2009-09-17;8.17
3275;2009-09-18;8.16
3276;2009-09-19;8.21
3277;2009-09-20;8.29
3278;2009-09-21;8.29
3279;2009-09-22;8.27
3280;2009-09-23;8.26
3281;2009-09-24;8.26
3282;2009-09-25;8.24
3283;2009-09-26;8.23
3284;2009-09-27;8.23
3285;2009-09-28;8.24
3286;2009-09-29;8.23
3287;2009-09-30;8.21
